time_utc,symbol,token_address,price_usd,buys_1h,sells_1h,insider_flagged,insider_networks,insider_linked_wallets,insider_top_holders,price_change_5m_pct,price_change_1h_pct
2026-10-01 01:55:55,ONLYSUPER,EKt2EQsweb2zN3ie8iz6JrD6frKwpbCU4ja8P3Vgpump,0.0001242,10070,4576,no,0,0,0,,
2026-10-01 18:02:11,SuperCali,74wf8kZrSXrcXDytmDK4eXaePoKm92fBWtauuJdQpump,0.0001863,11940,1740,no,0,0,0,13.81,34.33
2026-10-01 19:06:27,AMD,GTz5rfocFdbD3eWKMu4kzTjRVjkjzZwEaS95uD3Rpump,0.0005626,12491,5152,no,0,0,0,4.76,172
2026-10-01 19:52:40,SACC,4K8V9yH6kKRLS46BTG68Te1QHLkb7an8J5YcWQ3ppump,0.0006967,6825,1172,no,0,0,0,21.54,235
2026-10-01 23:02:42,ROACH,BHyCgyour6WUPmxZLYZEpeeZLtjtnFkwK3vKdmrUpump,0.0002427,7419,4483,no,0,0,0,0.03,10.44
2026-10-01 23:02:42,OCTO,GoADAwux19tGxb3W4ykPzZz8p5JCSYaxBRpuW7s9pump,0.0006409,477,443,no,0,0,0,4.29,-15.9
2026-10-01 23:02:42,AMC,11mwXYNHsK5orsvHokxsYgRbpo145k6SbXTYYkYpump,0.0001929,7975,4115,no,0,0,0,1.75,-39.29
2026-10-02 00:49:51,SIX6900,4uTHA7hUfZD1PKWQBVtuCEWnBjgB6xaL7GfJrPRDpump,0.0001591,4177,1680,no,0,0,0,46.82,-12.35
2026-10-02 03:19:53,SHINU,AZ9NHodnyb6wPYian1Fd9HF1mfvPNkJEecExVT1Sevjg,0.0002739,1362,973,no,0,0,0,7.36,48.08
2026-10-02 04:29:09,TESTCAT,GHvTjrwPFfaoVyo5JBucpu3zAoJwVrfceAbgwK6kpump,0.0001581,9515,2569,no,0,0,0,88.23,102
2026-10-02 07:11:41,BlackHoles,6qs8xGPpmyHnW7LpySq9iCs36kT7utFBt8mwM1ATpump,0.001321,1810,1604,no,0,0,0,12.2,186
2026-10-02 11:33:45,SAM,EFvdLptvhf8nG9rzzgtuVMguHvSKjLH5Gmt1bZp77kVA,0.0001059,4329,3343,no,0,0,0,26.23,-10.78
2026-10-02 14:44:04,BRUME,AJPertGGMDmM75fb6jiB8MPfFu61ouLDtW6UBvf3pump,0.0001542,1747,1504,no,0,0,0,113,282
2026-10-02 15:00:21,WISP,DNSnAA99jrVUCg4GvL6LEVfFHBnGpnWA2k3CkRvZpump,0.0002718,20445,8449,no,0,0,0,2.39,20.91
2026-10-02 16:38:00,pumpcat,5krNQZMsiM7qT9KhzettHKEamQDUxaPEP8jCpjdQpump,0.0003222,10159,3155,no,0,0,0,45.93,283
2026-10-02 17:59:39,CATFLIX,95WF7wLb9gcET9kGYp3wSXekSdrYceLmJHSXonetpump,0.0002454,10944,2870,no,0,0,0,0.92,-21.33
2026-10-02 18:24:00,ANON,2AKrTTVNsxhHV2FLNBWUBv6W6Vq35VJMuiAhjsKjpump,0.001212,4683,3464,no,0,0,0,6.37,-3.59
2026-10-02 18:44:05,Apu ,C2bj2HbEsnv7bSqQe2bQ7uGrf7MHXNN4cSmEVRMQpump,7.78e-05,8384,6103,no,0,0,0,10.94,61.51
2026-10-02 21:32:25,HOOKEDINU,9ZUwZjiMP8Un9qcBYNfKmVmRRj97YWLB1DRWPhhnpump,0.0004296,4776,612,no,0,0,0,2.29,-37
2026-10-03 00:21:06,POOPYBOT,5tV3Lfx8WNE63ZfCUWnBoFBwe8v6idUhuqg9ipDsDJyy,0.0005882,4740,3066,no,0,0,0,2.69,-36.5
2026-10-03 04:00:13,CATBOT,6w5s8REWoQH6k4UmLzoDTVNy9YVtRvkjPFG7Lrxvpump,0.0001345,6250,4245,no,0,0,0,34.68,27.25
