time_utc,action,symbol,token_address,reason,price_usd,usd_amount,pnl_usd,pnl_pct,running_total_pnl_usd
2026-09-30 21:48:12,BUY,ELON,BizeLNXEQjrTjmtQbNA6Qi22h5HKQe9Gjwys3ZkT1Nc9,passed all filters,0.0003762,10.00,0.00,0.0,0.00
2026-09-30 22:46:49,SELL,ELON,BizeLNXEQjrTjmtQbNA6Qi22h5HKQe9Gjwys3ZkT1Nc9,hard stop: down 33% from entry,0.0002508,6.17,-3.83,-38.3,-3.83
2026-10-01 01:55:55,BUY,ONLYSUPER,EKt2EQsweb2zN3ie8iz6JrD6frKwpbCU4ja8P3Vgpump,passed all filters,0.0001242,10.00,0.00,0.0,-3.83
2026-10-01 17:39:23,SELL,ONLYSUPER,EKt2EQsweb2zN3ie8iz6JrD6frKwpbCU4ja8P3Vgpump,hard stop: down 98% from entry,2.318e-06,-0.31,-10.31,-103.1,-14.15
2026-10-01 18:02:11,BUY,SuperCali,74wf8kZrSXrcXDytmDK4eXaePoKm92fBWtauuJdQpump,passed all filters,0.0001863,10.00,0.00,0.0,-14.15
2026-10-01 18:48:49,SELL,SuperCali,74wf8kZrSXrcXDytmDK4eXaePoKm92fBWtauuJdQpump,time stop: no 2x after 47 min (+19%),0.0002217,11.40,1.40,14.0,-12.75
2026-10-01 19:06:27,BUY,AMD,GTz5rfocFdbD3eWKMu4kzTjRVjkjzZwEaS95uD3Rpump,passed all filters,0.0005626,10.00,0.00,0.0,-12.75
2026-10-01 19:21:55,SELL,AMD,GTz5rfocFdbD3eWKMu4kzTjRVjkjzZwEaS95uD3Rpump,hard stop: down 58% from entry,0.0002371,3.71,-6.29,-62.9,-19.03
2026-10-01 19:52:40,BUY,SACC,4K8V9yH6kKRLS46BTG68Te1QHLkb7an8J5YcWQ3ppump,passed all filters,0.0006967,10.00,0.00,0.0,-19.03
2026-10-01 20:44:04,SELL,SACC,4K8V9yH6kKRLS46BTG68Te1QHLkb7an8J5YcWQ3ppump,time stop: no 2x after 51 min (-21%),0.0005537,7.45,-2.55,-25.5,-21.58
2026-10-01 23:02:42,BUY,ROACH,BHyCgyour6WUPmxZLYZEpeeZLtjtnFkwK3vKdmrUpump,passed all filters,0.0002427,10.00,0.00,0.0,-21.58
2026-10-01 23:02:42,BUY,OCTO,GoADAwux19tGxb3W4ykPzZz8p5JCSYaxBRpuW7s9pump,passed all filters,0.0006409,10.00,0.00,0.0,-21.58
2026-10-01 23:02:42,BUY,AMC,11mwXYNHsK5orsvHokxsYgRbpo145k6SbXTYYkYpump,passed all filters,0.0001929,10.00,0.00,0.0,-21.58
2026-10-01 23:48:51,SELL,ROACH,BHyCgyour6WUPmxZLYZEpeeZLtjtnFkwK3vKdmrUpump,time stop: no 2x after 46 min (+6%),0.0002566,10.07,0.07,0.7,-21.51
2026-10-01 23:48:51,SELL,OCTO,GoADAwux19tGxb3W4ykPzZz8p5JCSYaxBRpuW7s9pump,time stop: no 2x after 46 min (-7%),0.0005952,8.79,-1.21,-12.1,-22.73
2026-10-01 23:48:51,SELL,AMC,11mwXYNHsK5orsvHokxsYgRbpo145k6SbXTYYkYpump,time stop: no 2x after 46 min (+16%),0.0002234,11.08,1.08,10.8,-21.64
2026-10-02 00:49:51,BUY,SIX6900,4uTHA7hUfZD1PKWQBVtuCEWnBjgB6xaL7GfJrPRDpump,passed all filters,0.0001591,10.00,0.00,0.0,-21.64
2026-10-02 01:39:57,SELL,SIX6900,4uTHA7hUfZD1PKWQBVtuCEWnBjgB6xaL7GfJrPRDpump,time stop: no 2x after 50 min (-18%),0.0001303,7.69,-2.31,-23.1,-23.95
2026-10-02 03:19:53,BUY,SHINU,AZ9NHodnyb6wPYian1Fd9HF1mfvPNkJEecExVT1Sevjg,passed all filters,0.0002739,10.00,0.00,0.0,-23.95
2026-10-02 04:09:08,SELL,SHINU,AZ9NHodnyb6wPYian1Fd9HF1mfvPNkJEecExVT1Sevjg,take profit: up 130%,0.0006311,11.27,6.27,125.4,-17.68
2026-10-02 04:29:09,BUY,TESTCAT,GHvTjrwPFfaoVyo5JBucpu3zAoJwVrfceAbgwK6kpump,passed all filters,0.0001581,10.00,0.00,0.0,-17.68
2026-10-02 04:47:58,SELL,TESTCAT,GHvTjrwPFfaoVyo5JBucpu3zAoJwVrfceAbgwK6kpump,hard stop: down 98% from entry,2.391e-06,-0.35,-10.35,-103.5,-28.03
2026-10-02 05:00:29,SELL,SHINU,AZ9NHodnyb6wPYian1Fd9HF1mfvPNkJEecExVT1Sevjg,trailing stop after profit: down 52% from peak,0.0003003,5.23,0.23,4.6,-27.80
