time_utc,symbol,token_address,price_usd,seconds_after_creation,buys_so_far,sells_so_far,dev_buy_pct,first_block_buyers,flagged,price_change_5m_pct,price_change_1h_pct
2026-10-01 22:37:16,KHABY,DQr953krdr7sDd92cb8KzCzYKW1PF4jXszjSVgg5pump,3.324359609e-06,30.5,0,0,0.35,0,yes,0,0
2026-10-01 22:37:16,AAPL,9RWhwtqv5uYVa2Csupjk6RkNVUShJRngsHfoeGEGVL1d,3.302795899e-06,30.1,0,0,0.00,0,no,0,0
2026-10-01 22:37:17,BALD,9iZeW19nXtN2JtfaDBSUs2S54tQni1f7YvYnFx2zpump,3.356834054e-06,30.4,0,0,0.87,0,yes,0,0
2026-10-01 22:37:18,Sarka,563KxkD1sH4JBMcCobEfTwQNamdizr2a3WQNDcRpump,3.987417515e-06,30.3,0,0,9.64,0,yes,0,0
2026-10-01 22:37:18,CATDARK,Fw35xjVfyRD7TfJpjaP6xPAqGf8H5ZP8shceS7RHpump,3.30416405e-06,30.2,0,0,0.02,0,yes,0,0
2026-10-01 22:37:19,CycleInu,FUNdXEqQWTCA1zyM2U5EibdoV5tyAwh5hw3ZaEB1pump,3.30426822e-06,30.4,0,0,0.02,0,yes,0,0
2026-10-01 22:37:21,ABBV,4nNYwgaP7sj8iDXy5fGtu43YJGnvyyY6xYE55FgBYoBA,3.302795899e-06,30.3,0,0,0.00,0,no,0,0
2026-10-01 22:37:23,ABT,295z6z9WR5WrJPWke1qyXdN5jCbsiJdzEKGe9T3zrnBE,3.302795899e-06,30.4,0,0,0.00,0,no,0,0
2026-10-01 22:37:23,KITTYCAT,79SnF8LRYFdBZbmgmZfkJAAFycUZsYSvLEZ2KE5npump,3.656104361e-06,30.2,0,0,5.32,0,yes,0,0
2026-10-01 22:37:24,ADP,GnpgxjNmUvZ8hJ36FwxfZvfmMqSvWECydfMwAoTAsxrc,3.302795899e-06,30.4,0,0,0.00,0,no,0,0
2026-10-01 23:37:21,GITCOIN,DAsn4jue7SFLuiNQakstVUxAXU5tKj6tjtKXAYRiAryr,3.764210003e-06,30.3,0,0,6.71,0,yes,0,0
2026-10-01 23:37:34,Printer,66g42fRzmvBi4arCqp9kbRunK2PLV8MWKG7RdCgBpump,5.280567531e-06,30.3,0,0,22.37,0,yes,0,0
2026-10-01 23:37:41,bonnieboo,6LZdGandbSvWTiq9S9dTJyaWk1kyv8Q3JmK4vJV7pump,3.310571928e-06,30.2,0,0,0.04,0,yes,0,0
2026-10-01 23:37:43,AARIndeX,675rWQFpmPjJ8Ue6S3Pc8hpqxFQ8LhNyguHtaxx7pump,3.374221751e-06,30.1,0,0,1.05,0,yes,0,0
2026-10-01 23:37:45,steal,Eu8Cr4SgneP95HmJJienwv2GazHkTAEdXYxs47BSpump,3.317291833e-06,30.5,0,0,0.14,0,yes,0,0
2026-10-01 23:37:46,OKC,BGFofQfcAcNXHPTpBQ4DEkNna2ueDTKxUeossqXPpump,3.330207178e-06,30.1,0,0,0.35,0,yes,0,0
2026-10-01 23:37:50,Bmmmmww,26UAzx2ud2LBbWv8T9vorv3atPiQgXvqaJosoGfypump,3.319286769e-06,30.3,0,0,0.18,0,yes,0,0
2026-10-01 23:38:20,NCM10,53PghmkEAfDnybgEUHRhTgGmcaw1qc8zYWiLLkNHcGAg,3.764210003e-06,30.4,0,0,6.71,0,yes,0,0
