coin,binance_symbols,slippage_per_side,first_day,last_day,daily_bars,hourly_bars,days_missing_in_a_row,days_with_fewer_than_24_hours,days_where_hourly_and_daily_disagree
BTC,BTCUSDT,0.0005,2017-08-17,2026-10-09,3341,80053,0,30,3
ETH,ETHUSDT,0.0005,2017-08-17,2026-10-09,3341,80053,0,30,3
SOL,SOLUSDT,0.0005,2020-08-11,2026-10-09,2251,53999,0,11,0
BNB,BNBUSDT,0.002,2017-11-06,2026-10-09,3260,78117,0,29,3
XRP,XRPUSDT,0.002,2018-05-04,2026-10-09,3081,73849,0,26,0
ADA,ADAUSDT,0.002,2018-04-17,2026-10-09,3098,74261,0,26,0
DOGE,DOGEUSDT,0.002,2019-07-05,2026-10-09,2654,63641,0,19,1
LINK,LINKUSDT,0.002,2019-01-16,2026-10-09,2824,67707,0,21,0
AVAX,AVAXUSDT,0.002,2020-09-22,2026-10-09,2209,52991,0,11,0
DOT,DOTUSDT,0.002,2020-08-18,2026-10-09,2244,53814,0,11,0
LTC,LTCUSDT,0.002,2017-12-13,2026-10-09,3223,77229,0,29,3
ATOM,ATOMUSDT,0.002,2019-04-29,2026-10-09,2721,65247,0,20,0
NEAR,NEARUSDT,0.002,2020-10-14,2026-10-09,2187,52464,0,11,0
UNI,UNIUSDT,0.002,2020-09-17,2026-10-09,2214,53114,0,11,0
SUI,SUIUSDT,0.002,2023-05-03,2026-10-09,1256,30132,0,1,0
ONDO,ONDOUSDT,0.002,2025-04-11,2026-10-09,547,13114,0,1,0
TAO,TAOUSDT,0.002,2024-04-11,2026-10-09,912,21876,0,1,0
RENDER,RNDRUSDT+RENDERUSDT,0.002,2021-11-27,2026-10-09,1775,42560,1,4,0
