family,variant,trades,win_rate,profit_factor,total_return,max_drawdown,sharpe,buy_and_hold_return,excess_return_vs_buy_and_hold,t_stat_of_that_gap,total_return_without_best_trade,total_return_without_best_3_trades,time_in_market,chosen
trend following,close above 50-day average,557,0.2495511669658887,4.685324294120801,33.18495610675071,-0.46926791267001067,1.8055066285524017,30.08987329617538,3.095082810575331,0.07835952702724958,18.415835604541087,9.88960581532238,0.5235660648665921,yes
trend following,close above 200-day average,324,0.1574074074074074,6.8087436788470805,12.057154138900874,-0.6264917946794659,1.3468529206418254,30.08987329617538,-18.032719157274506,-0.7937480145183469,5.512722186732314,2.5650086361273323,0.4972040262022687,
trend following,close above 50-day average and 200-day average,425,0.22823529411764706,4.4939102665472355,15.210707782071427,-0.4156589936777164,1.589057452050089,30.08987329617538,-14.879165514103953,-0.49938236094478045,8.30045276117611,4.216271219846297,0.38174362251690896,
breakout,"20-day high, 2 ATR trailing stop",380,0.4236842105263158,2.1482489532963815,3.6966511418496424,-0.2869523810775835,1.3583222134706474,30.08987329617538,-26.393222154325738,-1.194349963240326,2.7852588228295962,1.970008700096415,0.24151887948021517,
breakout,"20-day high, 3 ATR trailing stop",274,0.4781021897810219,2.960526890773962,8.43590688412265,-0.33629380043267665,1.523316923239351,30.08987329617538,-21.653966412052732,-0.8121490291769896,6.58970708104151,4.959644619850958,0.3553283272088193,yes
breakout,"55-day high, 2 ATR trailing stop",253,0.4308300395256917,2.247752841241907,2.1384414578340802,-0.2119697686128733,1.2732978135641093,30.08987329617538,-27.9514318383413,-1.389558016337056,1.5274389729892741,1.0101651589456146,0.1433136283751398,
breakout,"55-day high, 3 ATR trailing stop",185,0.4810810810810811,3.028795802192611,3.7588159481265286,-0.2999217425323548,1.339495067489948,30.08987329617538,-26.33105734804885,-1.1965202869350513,2.820155659931104,2.030981122277265,0.21654151355381585,
mean reversion,"RSI(2), no ADX filter",954,0.6509433962264151,1.216962957415694,0.8777896855294613,-0.43188898531721753,0.5524626629715479,30.08987329617538,-29.21208361064592,-2.2175582371421796,0.3441941030097695,0.2730238394891984,0.29402993023379664,yes
mean reversion,"RSI(2), only when ADX < 25",551,0.6442831215970962,1.1995793025723827,0.4605180493265739,-0.2567637162151848,0.4297838287415793,30.08987329617538,-29.629355246848807,-2.0446674900673623,0.03158750212142736,-0.013873746437173318,0.168610534164137,
mean reversion,"Laguerre RSI, no ADX filter",870,0.5310344827586206,1.0890391347621484,0.434512665906442,-0.6393822272093246,0.4194213693522374,30.08987329617538,-29.655360630268937,-2.4281099624298546,0.0358734443126385,-0.08212377039672236,0.424721734036321,
mean reversion,"Laguerre RSI, only when ADX < 25",496,0.5100806451612904,1.1969488132284172,0.7063183940723916,-0.4296312828966595,0.5359780809510921,30.08987329617538,-29.38355490210299,-1.9184574379240389,0.2202995183936176,0.08042899563313988,0.23922884379826384,
momentum,top 3 by 30-day return,217,0.4700460829493088,2.3106006862178954,33.61331306279232,-0.781356161039737,1.3941976413466857,30.08987329617538,3.523439766616942,0.11093628671068728,21.28035363073149,9.354424365108123,0.2440219417372317,
momentum,"top 3 by 30-day return, only if it is above zero",182,0.4835164835164835,2.641916688763715,53.125807602739734,-0.7057894891080028,1.561850340798681,30.08987329617538,23.035934306564354,0.43775875074846937,33.84041333316644,15.164933845596654,0.19406720988443307,yes
