time_utc,mint,symbol,name,creator,dev_buy_pct,first_block_buyers,flagged,decision,reason
2026-10-01 23:36:52,HDRH1NLjFsntr8gVSFCpVv4GyveCMha728msB2RMLRP8,?,,Aqp5Jj3bj2SViQAQxh4zrYfeh7snxE5eoDeZFeZ5qDhY,1.35,0,yes,selected,
2026-10-01 23:36:52,DAsn4jue7SFLuiNQakstVUxAXU5tKj6tjtKXAYRiAryr,GITCOIN,gitcoin,8Wz4CQpTsuMtf71mNTJNP7Anm2E8pidZLRUj8taahYWF,6.71,0,yes,selected,
2026-10-01 23:37:05,66g42fRzmvBi4arCqp9kbRunK2PLV8MWKG7RdCgBpump,Printer,Money Printer,3JwkJxvbC7hXHpRHEWLcGYQShCgCfAV7noxyhYdwb9vy,22.37,0,yes,selected,
2026-10-01 23:37:12,6LZdGandbSvWTiq9S9dTJyaWk1kyv8Q3JmK4vJV7pump,bonnieboo,Bonnie Boo,GrD1toEZf5H26W4BbGgh5QJ8Rrj3woQYcFiAAqqo5w1c,0.04,0,yes,selected,
2026-10-01 23:37:15,675rWQFpmPjJ8Ue6S3Pc8hpqxFQ8LhNyguHtaxx7pump,AARIndeX,Aliens are real Index,G1n2rjAEXZ44TpDWL19NZNJ2SEnVg33RKbFxkEU25E4J,1.05,0,yes,selected,
2026-10-01 23:37:16,Eu8Cr4SgneP95HmJJienwv2GazHkTAEdXYxs47BSpump,steal,stealing from gods,FsgFhjqwR9QsTFCMHCZz7sjNQ1mBJF2s8D5ocEFBjUeq,0.14,0,yes,selected,
2026-10-01 23:37:17,BGFofQfcAcNXHPTpBQ4DEkNna2ueDTKxUeossqXPpump,OKC,Oklahoma,2hZhmYzkXQZXz4UeiXzxpJ9Q6BaF7UGmLaVFjS9xMdz7,0.35,0,yes,selected,
2026-10-01 23:37:20,26UAzx2ud2LBbWv8T9vorv3atPiQgXvqaJosoGfypump,Bmmmmww,Bmw,u4p9qUuyRb1AUeotrx4ZsNnocsLCgJMybbqJd4hvUxW,0.18,0,yes,selected,
2026-10-01 23:37:25,XsoCS1TfEyfFhfvj8EtZ528L3CaKBDBRqRapnBbDF2W,?,,9sHpTfmVpCfP2zexRNK6j38NBchMv1RWpdXPK5NEcZan,100.00,0,yes,selected,
2026-10-01 23:37:51,53PghmkEAfDnybgEUHRhTgGmcaw1qc8zYWiLLkNHcGAg,NCM10,National Crypto Month 10,6SMMCc4H6DJkPLbziQFursHci2Bs6kEJWPPgKTidz1Ck,6.71,0,yes,selected,
2026-10-02 00:37:10,3UZiWwMKyYq4y5AretbQJEhrz1YTBqTkFB2iy6FRpump,ET,ETcoin,2p7Lcr4JaCbhqNyVnygVqMYtMZmSXKaqtPdhrBQuc3Tq,3.47,0,yes,selected,
2026-10-02 00:37:15,9eT6TQ3Qn38XP5frMtxmHgqErp2ax9mvJ6f27SmWpump,PEECASSO,Pee Casso,4JDrBVSv4G3dYNcMpHdCX1e6wdeK1twDvuTSk1kmc6P6,3.39,0,yes,selected,
2026-10-02 00:37:27,4gRxmtFb3ssexE9rVJsxdxUuMvyj8PGwRFupV4tfpump,Soobie,Side boobie,6FtuCyCqRn9UF7BMQaXzRqimhVpbzkoPKLC28RMhmBND,1.40,0,yes,selected,
2026-10-02 00:37:49,FFDiutw9AN8isS2bXBZoanm2KNJQPTcwx8Fwzy7fpump,TONSAHUR,Ton Ton Ton Sahur,B4E8RkMQJdi3B9w6DnZRBjqZLuFJUABeVDE2itinRjJU,3.42,0,yes,selected,
2026-10-02 00:38:02,3DSnJoQbXG7k1PMM8yX58pnebRaCLL5UjpWYZQzdpump,CASHOUT,Cashout,AaTvBhtrBcC6vkEcb5USC343b9WXjzQMXdzLjvomt9uk,1.76,0,yes,selected,
2026-10-02 00:38:07,62kE5PSqcvXkWPifEiFJyp5RdbYXzLETy9bQMrrepump,$NOFEE,Zero-Gas Copium,42QCyjpPxF5sRc4PZLca29zc7BkpNciCXz8J5vhjPEUs,0.02,0,yes,selected,
2026-10-02 00:38:09,CLjRpwmXoNUZ73UprnkhBrxS3MKajJFgvFnmmvd6pump,WEIGHTS,weights.fund,FQ7H8q9pUnAZ1hcpWxqUcQoUbiwYnSvC7FQpJp2UzYd6,7.25,0,yes,selected,
2026-10-02 00:38:28,6tJEZvLr2MyyPQGJ7h1FpXZgin6JtoNBwhmFg5uepump,GOLEM,Golem,FXJXfgtrZTiEyAe7HKJp6gKPUoRfAn8na84W7kazF6iN,3.00,0,yes,selected,
2026-10-02 00:38:40,C2Qx2EhibSWjrwMzASor3aikwaqbaRry7WqPrHbJpump,Bryce,Code Bryce on ROOBET,FvMm6n7t42iHkynCobnW79NtfNkNQWJb5r1DU7Lpgcx1,0.88,0,yes,selected,
2026-10-02 00:38:41,PTwa7jp2hCEaNxiHGHCcS8HECKJX46rwnELyRi1pump,smaaart,smaaart,98GW2pzwiZiqesMPCTSvFDqtCBEDLRxSFCj1GaTTGWD5,3.42,0,yes,selected,
