time_utc,variant,symbol,token_address,seconds_after_creation,rise_pct,buys,sells,unique_buyers,buy_sell_ratio,net_sol,top_wallet_buy_pct,creator_sold,curve_progress_pct,failed
2026-10-04 09:47:54,30pct-2min,Aiden,jCTC2b9QfpJmjJaTtfuskSEKwWNVMYYpyBVFNnXBBK1,60,90.6,111,42,96,2.64,22.877,17.6,yes,58.53,creator sold
2026-10-04 09:47:54,50pct-3min,Aiden,jCTC2b9QfpJmjJaTtfuskSEKwWNVMYYpyBVFNnXBBK1,60,90.6,111,42,96,2.64,22.877,17.6,yes,58.53,creator sold
2026-10-04 09:48:17,30pct-2min,EVIL,BHTfHrZru7SFwZ2QA2uLh1UcBQkyzserF12GWFjApump,61,34.8,24,17,2,1.41,0.059,68.5,yes,0.98,unique buyers; buys vs sells; net SOL buying; one wallet's share; creator sold
2026-10-04 09:48:18,50pct-3min,EVIL,BHTfHrZru7SFwZ2QA2uLh1UcBQkyzserF12GWFjApump,63,76.7,25,17,2,1.47,0.078,69.5,yes,1.08,unique buyers; buys vs sells; net SOL buying; one wallet's share; creator sold
2026-10-04 09:48:35,30pct-2min,888,23bUCFzwEz2xHH8iCHEVdcVi94oWJh7X3uTEh3C6pump,80,117.7,9,8,3,1.12,0,61.9,yes,1.25,buys; unique buyers; buys vs sells; net SOL buying; one wallet's share; creator sold
2026-10-04 09:48:35,50pct-3min,888,23bUCFzwEz2xHH8iCHEVdcVi94oWJh7X3uTEh3C6pump,80,117.7,9,8,3,1.12,0,61.9,yes,1.25,buys; unique buyers; buys vs sells; net SOL buying; one wallet's share; creator sold
2026-10-04 09:48:35,100pct-5min,888,23bUCFzwEz2xHH8iCHEVdcVi94oWJh7X3uTEh3C6pump,80,117.7,9,8,3,1.12,0,61.9,yes,1.25,buys; unique buyers; buys vs sells; net SOL buying; one wallet's share; creator sold
2026-10-04 09:48:35,30pct-2min,ILLU,3YihVw2ULF2nBciN4PEGHJHxR5PzMDbjMs7JBQg7pump,65,555.1,53,41,5,1.29,0.045,62.7,yes,0.74,unique buyers; buys vs sells; net SOL buying; one wallet's share; creator sold; copycat name
2026-10-04 09:48:35,50pct-3min,ILLU,3YihVw2ULF2nBciN4PEGHJHxR5PzMDbjMs7JBQg7pump,65,555.1,53,41,5,1.29,0.045,62.7,yes,0.74,unique buyers; buys vs sells; net SOL buying; one wallet's share; creator sold; copycat name
2026-10-04 09:48:35,100pct-5min,ILLU,3YihVw2ULF2nBciN4PEGHJHxR5PzMDbjMs7JBQg7pump,65,555.1,53,41,5,1.29,0.045,62.7,yes,0.74,unique buyers; buys vs sells; net SOL buying; one wallet's share; creator sold; copycat name
2026-10-04 09:48:53,100pct-5min,Aiden,jCTC2b9QfpJmjJaTtfuskSEKwWNVMYYpyBVFNnXBBK1,119,115.3,159,81,128,1.96,26.196,13.6,yes,63.07,creator sold
2026-10-04 09:48:55,30pct-2min,XCEPT1,Hk28bZSoATyLFubk24oWXHdJ1aAXnqo4JvxVBYLapump,60,112.7,52,35,7,1.49,0.88,60.9,no,19.28,unique buyers; buys vs sells; net SOL buying; one wallet's share
2026-10-04 09:48:55,50pct-3min,XCEPT1,Hk28bZSoATyLFubk24oWXHdJ1aAXnqo4JvxVBYLapump,60,112.7,52,35,7,1.49,0.88,60.9,no,19.28,unique buyers; buys vs sells; net SOL buying; one wallet's share
2026-10-04 09:48:55,100pct-5min,XCEPT1,Hk28bZSoATyLFubk24oWXHdJ1aAXnqo4JvxVBYLapump,60,112.7,52,35,7,1.49,0.88,60.9,no,19.28,unique buyers; buys vs sells; net SOL buying; one wallet's share
2026-10-04 09:49:17,30pct-2min,SKX,9w4AGSU3rUymmYE1QDvN1QngcFDV3TT7MZZFb5tTpump,60,64.1,21,13,4,1.62,0.594,51.6,yes,2.35,unique buyers; net SOL buying; one wallet's share; creator sold
2026-10-04 09:49:17,50pct-3min,SKX,9w4AGSU3rUymmYE1QDvN1QngcFDV3TT7MZZFb5tTpump,60,64.1,21,13,4,1.62,0.594,51.6,yes,2.35,unique buyers; net SOL buying; one wallet's share; creator sold
2026-10-04 09:49:27,100pct-5min,SKX,9w4AGSU3rUymmYE1QDvN1QngcFDV3TT7MZZFb5tTpump,71,140.3,32,20,4,1.6,1.138,64.7,yes,6.13,unique buyers; net SOL buying; one wallet's share; creator sold
2026-10-04 09:49:53,30pct-2min,CASINU,FsobCA3PYEUV3KLqMkgGb9W2UQckfGKdorFR8T59pump,63,119.6,18,8,4,2.25,0.078,60.3,yes,1.54,unique buyers; net SOL buying; one wallet's share; creator sold
2026-10-04 09:49:53,50pct-3min,CASINU,FsobCA3PYEUV3KLqMkgGb9W2UQckfGKdorFR8T59pump,63,119.6,18,8,4,2.25,0.078,60.3,yes,1.54,unique buyers; net SOL buying; one wallet's share; creator sold
2026-10-04 09:49:53,100pct-5min,CASINU,FsobCA3PYEUV3KLqMkgGb9W2UQckfGKdorFR8T59pump,63,119.6,18,8,4,2.25,0.078,60.3,yes,1.54,unique buyers; net SOL buying; one wallet's share; creator sold
2026-10-04 09:50:05,30pct-2min,PUMPKINJAK,6cwgCsShSoVidaTVZaiGanJ92wV6ggXaWJteh1topump,61,1183,45,11,43,4.09,77.848,23.3,no,97.66,on the curve
2026-10-04 09:50:05,50pct-3min,PUMPKINJAK,6cwgCsShSoVidaTVZaiGanJ92wV6ggXaWJteh1topump,61,1183,45,11,43,4.09,77.848,23.3,no,97.66,on the curve
2026-10-04 09:50:05,100pct-5min,PUMPKINJAK,6cwgCsShSoVidaTVZaiGanJ92wV6ggXaWJteh1topump,61,1183,45,11,43,4.09,77.848,23.3,no,97.66,on the curve
2026-10-04 09:50:21,30pct-2min,RINU,DQgrbEcXGKUkLZq3WcMxBkdzdTCrmzb5tVk95nTApump,75,35.7,13,13,3,1.0,0.051,63.1,no,0.43,buys; unique buyers; buys vs sells; net SOL buying; one wallet's share
2026-10-04 09:50:26,50pct-3min,RINU,DQgrbEcXGKUkLZq3WcMxBkdzdTCrmzb5tVk95nTApump,80,53.6,16,15,3,1.07,0.058,65.2,no,0.49,unique buyers; buys vs sells; net SOL buying; one wallet's share
2026-10-04 09:50:26,100pct-5min,RINU,DQgrbEcXGKUkLZq3WcMxBkdzdTCrmzb5tVk95nTApump,80,123.5,17,15,3,1.13,0.085,68.4,no,0.66,unique buyers; buys vs sells; net SOL buying; one wallet's share
2026-10-04 09:50:28,30pct-2min,SKX,5zfewvZu7Q67qrFrLjZ6Qv2dh5xrzvyRCKgkXfCpump,72,34,15,18,2,0.83,0.032,62.9,no,0.21,unique buyers; buys vs sells; net SOL buying; one wallet's share; copycat name
2026-10-04 09:50:30,50pct-3min,SKX,5zfewvZu7Q67qrFrLjZ6Qv2dh5xrzvyRCKgkXfCpump,73,63.2,16,18,2,0.89,0.039,60.5,no,0.42,unique buyers; buys vs sells; net SOL buying; one wallet's share; copycat name
2026-10-04 09:51:15,30pct-2min,AI,EmMBiyoYdGGXxNhF7MDNP3TNDUQpMYe8SsyyiDnYgjtx,62,31.7,81,65,60,1.25,5.758,19.9,yes,21.78,buys vs sells; creator sold; copycat name
2026-10-04 09:51:15,100pct-5min,SKX,5zfewvZu7Q67qrFrLjZ6Qv2dh5xrzvyRCKgkXfCpump,118,118.5,22,21,2,1.05,0.052,51.3,no,0.84,unique buyers; buys vs sells; net SOL buying; one wallet's share; copycat name
2026-10-04 09:51:26,50pct-3min,AI,EmMBiyoYdGGXxNhF7MDNP3TNDUQpMYe8SsyyiDnYgjtx,72,52.1,87,71,66,1.23,8.427,18,yes,29.67,buys vs sells; creator sold; copycat name
2026-10-04 09:51:41,30pct-2min,Sol,36Zi9rVLVL1yXNmJerD3wZKPGPBPpfXp2R7TekhYAbxW,154,36.5,5,0,5,,6.584,20,yes,24.35,buys; unique buyers; creator sold; copycat name
2026-10-04 09:51:41,50pct-3min,Sol,36Zi9rVLVL1yXNmJerD3wZKPGPBPpfXp2R7TekhYAbxW,154,59.6,16,20,16,0.8,7.901,27,yes,28.2,buys vs sells; creator sold; copycat name
2026-10-04 09:51:43,100pct-5min,AI,EmMBiyoYdGGXxNhF7MDNP3TNDUQpMYe8SsyyiDnYgjtx,90,104.7,107,81,72,1.32,14.579,15,yes,44.25,buys vs sells; creator sold; copycat name
2026-10-04 09:51:51,30pct-2min,CHLE,BoFwh2RizxJwYMNuNXEVmcjFZ81C4BhfPo9d2UtGpump,61,102.7,54,40,7,1.35,0.029,76.7,no,13.77,unique buyers; buys vs sells; net SOL buying; one wallet's share
2026-10-04 09:51:51,50pct-3min,CHLE,BoFwh2RizxJwYMNuNXEVmcjFZ81C4BhfPo9d2UtGpump,61,102.7,54,40,7,1.35,0.029,76.7,no,13.77,unique buyers; buys vs sells; net SOL buying; one wallet's share
2026-10-04 09:51:51,100pct-5min,CHLE,BoFwh2RizxJwYMNuNXEVmcjFZ81C4BhfPo9d2UtGpump,61,102.7,54,40,7,1.35,0.029,76.7,no,13.77,unique buyers; buys vs sells; net SOL buying; one wallet's share
2026-10-04 09:52:03,30pct-2min,Nvidia,HVB8ffN3UYMkpXs9GCRQ3qUNwvK28w7gAbv4eDYHpump,66,100.5,18,15,5,1.2,0,70.3,yes,0.56,unique buyers; buys vs sells; net SOL buying; one wallet's share; creator sold; copycat name
2026-10-04 09:52:03,50pct-3min,Nvidia,HVB8ffN3UYMkpXs9GCRQ3qUNwvK28w7gAbv4eDYHpump,66,100.5,18,15,5,1.2,0,70.3,yes,0.56,unique buyers; buys vs sells; net SOL buying; one wallet's share; creator sold; copycat name
2026-10-04 09:52:03,100pct-5min,Nvidia,HVB8ffN3UYMkpXs9GCRQ3qUNwvK28w7gAbv4eDYHpump,66,100.5,18,15,5,1.2,0,70.3,yes,0.56,unique buyers; buys vs sells; net SOL buying; one wallet's share; creator sold; copycat name
2026-10-04 09:52:26,30pct-2min,AI,9vnc6E4rKNBd6SFGyCr1XD6XZvsCDiyxRgHKF2vvdcTc,61,226.3,115,98,97,1.17,28.906,9.6,yes,66.39,buys vs sells; creator sold; copycat name
2026-10-04 09:52:26,50pct-3min,AI,9vnc6E4rKNBd6SFGyCr1XD6XZvsCDiyxRgHKF2vvdcTc,61,226.3,115,98,97,1.17,28.906,9.6,yes,66.39,buys vs sells; creator sold; copycat name
2026-10-04 09:52:26,100pct-5min,AI,9vnc6E4rKNBd6SFGyCr1XD6XZvsCDiyxRgHKF2vvdcTc,61,226.3,115,98,97,1.17,28.906,9.6,yes,66.39,buys vs sells; creator sold; copycat name
2026-10-04 09:52:36,30pct-2min,Scronkfink,8pBkr4oQzKxJhSfRoE3xpudjsssb9sqbwfypATCWpump,62,33.7,100,70,95,1.43,7.235,13.1,yes,26.29,buys vs sells; creator sold
2026-10-04 09:52:38,50pct-3min,Scronkfink,8pBkr4oQzKxJhSfRoE3xpudjsssb9sqbwfypATCWpump,63,57.3,112,70,97,1.6,10.4,12.3,yes,34.83,creator sold
2026-10-04 09:52:46,30pct-2min,HYPE,FykSBwFaZTC5sU4pTZz1Co3QaweMX5dYwXbg4nZGpump,60,179,68,42,7,1.62,0.23,81.9,no,2.76,unique buyers; net SOL buying; one wallet's share
2026-10-04 09:52:46,50pct-3min,HYPE,FykSBwFaZTC5sU4pTZz1Co3QaweMX5dYwXbg4nZGpump,60,179,68,42,7,1.62,0.23,81.9,no,2.76,unique buyers; net SOL buying; one wallet's share
2026-10-04 09:52:46,100pct-5min,HYPE,FykSBwFaZTC5sU4pTZz1Co3QaweMX5dYwXbg4nZGpump,60,179,68,42,7,1.62,0.23,81.9,no,2.76,unique buyers; net SOL buying; one wallet's share
2026-10-04 09:52:49,30pct-2min,Duve,AXCmuQBGhcMULrVEbbcg9eMVHcZ8jHyy5sp4SJTepump,63,151.6,68,43,52,1.58,22.127,5.9,yes,57.43,creator sold
2026-10-04 09:52:49,50pct-3min,Duve,AXCmuQBGhcMULrVEbbcg9eMVHcZ8jHyy5sp4SJTepump,63,151.6,68,43,52,1.58,22.127,5.9,yes,57.43,creator sold
2026-10-04 09:52:49,100pct-5min,Duve,AXCmuQBGhcMULrVEbbcg9eMVHcZ8jHyy5sp4SJTepump,63,151.6,68,43,52,1.58,22.127,5.9,yes,57.43,creator sold
2026-10-04 09:52:55,30pct-2min,TSI,5eaQ8jjf8SSxvJTkrnvKZn8RdaVdn5cXfJekGhF9pump,69,30.6,127,97,113,1.31,15.573,15.3,yes,46.23,buys vs sells; creator sold
2026-10-04 09:52:55,30pct-2min,Nvidia,EaaEeXQHRs9KnBvagumqCHP5ZVZDq1Cq3rLGHavkpump,162,86.7,6,4,3,1.5,0.035,33.7,yes,2.03,buys; unique buyers; net SOL buying; one wallet's share; creator sold; copycat name
2026-10-04 09:52:55,50pct-3min,Nvidia,EaaEeXQHRs9KnBvagumqCHP5ZVZDq1Cq3rLGHavkpump,162,166.4,18,13,5,1.38,0.051,62.3,yes,2.03,unique buyers; buys vs sells; net SOL buying; one wallet's share; creator sold; copycat name
2026-10-04 09:52:55,100pct-5min,Nvidia,EaaEeXQHRs9KnBvagumqCHP5ZVZDq1Cq3rLGHavkpump,162,166.4,18,13,5,1.38,0.051,62.3,yes,2.03,unique buyers; buys vs sells; net SOL buying; one wallet's share; creator sold; copycat name
2026-10-04 09:53:15,30pct-2min,Nvidia,DyAo4iku9j7tQRx8i6YZt8aSeS7T5s8obrxYajaUpump,91,36.9,38,31,3,1.23,0.035,56.7,no,-1.43,unique buyers; buys vs sells; net SOL buying; one wallet's share; copycat name
2026-10-04 09:53:29,50pct-3min,Nvidia,DyAo4iku9j7tQRx8i6YZt8aSeS7T5s8obrxYajaUpump,106,75.8,39,32,3,1.22,0.045,56.6,no,-1.29,unique buyers; buys vs sells; net SOL buying; one wallet's share; copycat name
2026-10-04 09:53:33,100pct-5min,Scronkfink,8pBkr4oQzKxJhSfRoE3xpudjsssb9sqbwfypATCWpump,119,102.4,159,83,110,1.92,15.825,10.6,yes,46.72,creator sold
2026-10-04 09:53:57,50pct-3min,TSI,5eaQ8jjf8SSxvJTkrnvKZn8RdaVdn5cXfJekGhF9pump,130,56.8,158,123,138,1.28,19.926,13.1,yes,54,buys vs sells; creator sold
2026-10-04 09:54:08,30pct-2min,SOLP,48uB6HYZrTrTfgrUz7MjJscCzTuLJ7Swc6HLk34npump,65,176.6,14,8,3,1.75,0.056,51.7,no,0.27,buys; unique buyers; net SOL buying; one wallet's share
2026-10-04 09:54:08,50pct-3min,SOLP,48uB6HYZrTrTfgrUz7MjJscCzTuLJ7Swc6HLk34npump,65,176.6,14,8,3,1.75,0.056,51.7,no,0.27,buys; unique buyers; net SOL buying; one wallet's share
2026-10-04 09:54:08,100pct-5min,SOLP,48uB6HYZrTrTfgrUz7MjJscCzTuLJ7Swc6HLk34npump,65,176.6,14,8,3,1.75,0.056,51.7,no,0.27,buys; unique buyers; net SOL buying; one wallet's share
2026-10-04 09:54:15,30pct-2min,spci,3UMHihw5pcaxxb1mj5FmeRBR1EnH4nVyiJugZWd9pump,61,116.1,52,42,7,1.24,0.067,82.1,no,1.01,unique buyers; buys vs sells; net SOL buying; one wallet's share
2026-10-04 09:54:15,50pct-3min,spci,3UMHihw5pcaxxb1mj5FmeRBR1EnH4nVyiJugZWd9pump,61,116.1,52,42,7,1.24,0.067,82.1,no,1.01,unique buyers; buys vs sells; net SOL buying; one wallet's share
2026-10-04 09:54:15,100pct-5min,spci,3UMHihw5pcaxxb1mj5FmeRBR1EnH4nVyiJugZWd9pump,61,116.1,52,42,7,1.24,0.067,82.1,no,1.01,unique buyers; buys vs sells; net SOL buying; one wallet's share
2026-10-04 09:54:29,30pct-2min,NSXR,3GNRBfUQL4Yk8kxNXy5h9YGTZnHwdCMY4FfwMUQtpump,119,38.6,44,38,6,1.16,0.069,47.8,yes,6.4,unique buyers; buys vs sells; net SOL buying; one wallet's share; creator sold
2026-10-04 09:54:33,50pct-3min,NSXR,3GNRBfUQL4Yk8kxNXy5h9YGTZnHwdCMY4FfwMUQtpump,123,53.8,50,43,7,1.16,0.083,47.9,yes,11.67,unique buyers; buys vs sells; net SOL buying; one wallet's share; creator sold
2026-10-04 09:55:12,100pct-5min,VRDT,8SmhJurXS5sBVVdxYUNkgXEA656kX6uTmdf4DSyYpump,61,86,30,7,30,4.29,12.259,22,no,39.25,rise
2026-10-04 09:55:13,100pct-5min,TSI,5eaQ8jjf8SSxvJTkrnvKZn8RdaVdn5cXfJekGhF9pump,206,100.4,208,165,179,1.26,26.451,10.3,yes,63.39,buys vs sells; creator sold
2026-10-04 09:55:25,30pct-2min,Scronkfinkle,CWvqXECwqeNLLuZbKa4XnQXnTZYxEhuZEQ2y6to1Rg4s,60,72.3,58,18,45,3.22,13.313,13.9,yes,41.58,creator sold; copycat name
2026-10-04 09:55:25,50pct-3min,Scronkfinkle,CWvqXECwqeNLLuZbKa4XnQXnTZYxEhuZEQ2y6to1Rg4s,60,72.3,58,18,45,3.22,13.313,13.9,yes,41.58,creator sold; copycat name
2026-10-04 09:55:31,30pct-2min,LaMisery,D2wLRmz9EW8WKDEy9qCPWnMxCDzH7zTephkXjmuwpump,92,90.2,19,20,8,0.95,0.01,49.6,yes,1.05,unique buyers; buys vs sells; net SOL buying; one wallet's share; creator sold
2026-10-04 09:55:31,50pct-3min,LaMisery,D2wLRmz9EW8WKDEy9qCPWnMxCDzH7zTephkXjmuwpump,92,90.2,19,20,8,0.95,0.01,49.6,yes,1.05,unique buyers; buys vs sells; net SOL buying; one wallet's share; creator sold
2026-10-04 09:55:34,30pct-2min,sn,42GNX8ZurirNzTet7mvSAQfpfY87Cm1vroFjEpPDpump,80,58.4,4,2,3,2.0,0.191,62.7,no,0.9,buys; unique buyers; net SOL buying; one wallet's share
2026-10-04 09:55:34,50pct-3min,sn,42GNX8ZurirNzTet7mvSAQfpfY87Cm1vroFjEpPDpump,80,58.4,4,2,3,2.0,0.191,62.7,no,0.9,buys; unique buyers; net SOL buying; one wallet's share
2026-10-04 09:55:36,30pct-2min,Nvidia,GRuCPiVcmgfr6AxzmrHPK5KpVQNyPxLWw3pgSXWbpump,72,53.1,92,74,20,1.24,0.066,77.1,yes,9.05,buys vs sells; net SOL buying; one wallet's share; creator sold; copycat name
2026-10-04 09:55:36,50pct-3min,Nvidia,GRuCPiVcmgfr6AxzmrHPK5KpVQNyPxLWw3pgSXWbpump,72,53.1,92,74,20,1.24,0.066,77.1,yes,9.05,buys vs sells; net SOL buying; one wallet's share; creator sold; copycat name
2026-10-04 09:55:41,30pct-2min,tru,9qv7oevrmhkjizbGkcEY2Ns6bhGTQadYCRCAf5iHpump,62,52.9,11,7,5,1.57,0.094,46.2,yes,0.61,buys; unique buyers; net SOL buying; one wallet's share; creator sold
2026-10-04 09:55:41,50pct-3min,tru,9qv7oevrmhkjizbGkcEY2Ns6bhGTQadYCRCAf5iHpump,62,52.9,11,7,5,1.57,0.094,46.2,yes,0.61,buys; unique buyers; net SOL buying; one wallet's share; creator sold
2026-10-04 09:56:08,30pct-2min,ch,6MrQtHvUPMkZM1xHHorY7dsY4SUtxPAqyhmDSVJwpump,79,37.4,29,24,4,1.21,0,50.4,yes,5.22,unique buyers; buys vs sells; net SOL buying; one wallet's share; creator sold
2026-10-04 09:56:16,30pct-2min,dogbaton,2R6nMwEgjvSmLThw4VYURZb7B6F4BjVpFhuVCDwnpump,67,31.1,19,11,2,1.73,0.196,50.1,yes,1.81,unique buyers; net SOL buying; one wallet's share; creator sold
2026-10-04 09:56:23,30pct-2min,PI,7PBZz4fMFXw3d9GAgKrmJU8ATpmZVJsMRkW4SPzhxauX,67,100.1,67,9,28,7.44,12.574,14.1,yes,39.96,creator sold
2026-10-04 09:56:23,50pct-3min,PI,7PBZz4fMFXw3d9GAgKrmJU8ATpmZVJsMRkW4SPzhxauX,67,100.1,67,9,28,7.44,12.574,14.1,yes,39.96,creator sold
2026-10-04 09:56:23,100pct-5min,PI,7PBZz4fMFXw3d9GAgKrmJU8ATpmZVJsMRkW4SPzhxauX,67,100.1,67,9,28,7.44,12.574,14.1,yes,39.96,creator sold
2026-10-04 09:56:50,50pct-3min,dogbaton,2R6nMwEgjvSmLThw4VYURZb7B6F4BjVpFhuVCDwnpump,101,99.4,32,32,2,1.0,0.306,56.7,yes,6.04,unique buyers; buys vs sells; net SOL buying; one wallet's share; creator sold
2026-10-04 09:56:53,30pct-2min,FOMOCAT,7Lj9ZdfG2i3Vkmub7rbCcArFxtJKc4pSaiewRJNcpump,60,314.3,28,17,4,1.65,0.206,81.1,yes,1.95,unique buyers; net SOL buying; one wallet's share; creator sold; copycat name
2026-10-04 09:56:53,50pct-3min,FOMOCAT,7Lj9ZdfG2i3Vkmub7rbCcArFxtJKc4pSaiewRJNcpump,60,314.3,28,17,4,1.65,0.206,81.1,yes,1.95,unique buyers; net SOL buying; one wallet's share; creator sold; copycat name
2026-10-04 09:56:53,100pct-5min,FOMOCAT,7Lj9ZdfG2i3Vkmub7rbCcArFxtJKc4pSaiewRJNcpump,60,314.3,28,17,4,1.65,0.206,81.1,yes,1.95,unique buyers; net SOL buying; one wallet's share; creator sold; copycat name
2026-10-04 09:56:55,30pct-2min,RRJ,F4kjg9LvNbDQQJqcuHJaB9UHQ7tJnATvkad17FGDpump,75,94.9,16,19,3,0.84,0.008,57.8,yes,0.5,unique buyers; buys vs sells; net SOL buying; one wallet's share; creator sold
2026-10-04 09:56:55,50pct-3min,RRJ,F4kjg9LvNbDQQJqcuHJaB9UHQ7tJnATvkad17FGDpump,75,94.9,16,19,3,0.84,0.008,57.8,yes,0.5,unique buyers; buys vs sells; net SOL buying; one wallet's share; creator sold
2026-10-04 09:57:05,30pct-2min,Nvidia,7AsEdCAV7AVpW99UsATV9jdGVPA55cYeCWThGJ6Qpump,60,70.4,64,52,10,1.23,0.104,74.5,no,26.59,buys vs sells; net SOL buying; one wallet's share; copycat name
2026-10-04 09:57:05,50pct-3min,Nvidia,7AsEdCAV7AVpW99UsATV9jdGVPA55cYeCWThGJ6Qpump,60,70.4,64,52,10,1.23,0.104,74.5,no,26.59,buys vs sells; net SOL buying; one wallet's share; copycat name
2026-10-04 09:57:06,100pct-5min,Nvidia,7AsEdCAV7AVpW99UsATV9jdGVPA55cYeCWThGJ6Qpump,61,129,68,53,10,1.28,0.251,73.6,no,30.06,buys vs sells; net SOL buying; one wallet's share; copycat name
2026-10-04 09:57:31,30pct-2min,SI,6AKyD5o3jfnvzZ8gxwF1m9FnXWEe7gut7YBQ3Q2gAZ17,61,86.4,226,109,203,2.07,21.45,9.7,yes,56.4,creator sold; copycat name
2026-10-04 09:57:31,50pct-3min,SI,6AKyD5o3jfnvzZ8gxwF1m9FnXWEe7gut7YBQ3Q2gAZ17,61,86.4,226,109,203,2.07,21.45,9.7,yes,56.4,creator sold; copycat name
2026-10-04 09:57:46,30pct-2min,$CAT,Bz9Kx89AYLeE7yxupaG2HtXqjKC1koURvTm1ufnpump,120,155.3,17,10,3,1.7,0.063,52.6,yes,4.32,unique buyers; net SOL buying; one wallet's share; creator sold
2026-10-04 09:57:46,50pct-3min,$CAT,Bz9Kx89AYLeE7yxupaG2HtXqjKC1koURvTm1ufnpump,120,155.3,17,10,3,1.7,0.063,52.6,yes,4.32,unique buyers; net SOL buying; one wallet's share; creator sold
2026-10-04 09:57:46,100pct-5min,$CAT,Bz9Kx89AYLeE7yxupaG2HtXqjKC1koURvTm1ufnpump,120,155.3,17,10,3,1.7,0.063,52.6,yes,4.32,unique buyers; net SOL buying; one wallet's share; creator sold
2026-10-04 09:58:20,30pct-2min,LAGOS,GDorPAqFvuA9djGb8sWbBx7zqxGf1oC3RhCewTCcgkTc,61,97.9,70,31,67,2.26,14.311,6.6,yes,43.7,creator sold
2026-10-04 09:58:20,50pct-3min,LAGOS,GDorPAqFvuA9djGb8sWbBx7zqxGf1oC3RhCewTCcgkTc,61,97.9,70,31,67,2.26,14.311,6.6,yes,43.7,creator sold
2026-10-04 09:58:40,50pct-3min,DOPPL,8uaAJHJ9ZSXRdoDZnZ9e2YpPHJgzNtfxhn2pf85Epump,154,50.1,55,42,40,1.31,6.766,12.6,yes,24.9,buys vs sells; creator sold
2026-10-04 09:58:43,30pct-2min,SpaceXSI,9hEzs1V36aZzTFQYEyhQsjtqjVu6yY8sMhghWLSSpump,60,445.4,84,54,12,1.56,2.518,80.3,yes,16.84,net SOL buying; one wallet's share; creator sold; copycat name
2026-10-04 09:58:43,50pct-3min,SpaceXSI,9hEzs1V36aZzTFQYEyhQsjtqjVu6yY8sMhghWLSSpump,60,445.4,84,54,12,1.56,2.518,80.3,yes,16.84,net SOL buying; one wallet's share; creator sold; copycat name
2026-10-04 09:58:43,100pct-5min,SpaceXSI,9hEzs1V36aZzTFQYEyhQsjtqjVu6yY8sMhghWLSSpump,60,445.4,84,54,12,1.56,2.518,80.3,yes,16.84,net SOL buying; one wallet's share; creator sold; copycat name
2026-10-04 09:58:53,30pct-2min,cap,89fEhUTYgemMwXdwuwp4mrRU2eZa7MGTMCigU55npump,62,83.4,15,11,3,1.36,0.052,53.6,no,0.39,unique buyers; buys vs sells; net SOL buying; one wallet's share; copycat name
2026-10-04 09:58:53,50pct-3min,cap,89fEhUTYgemMwXdwuwp4mrRU2eZa7MGTMCigU55npump,62,83.4,15,11,3,1.36,0.052,53.6,no,0.39,unique buyers; buys vs sells; net SOL buying; one wallet's share; copycat name
2026-10-04 09:58:54,30pct-2min,SIUU,ECboFWsxZun4B7FtmkUSgzyiSVFR8vPAZadBFLurDS3N,63,35,64,44,54,1.45,6.004,24,yes,22.56,buys vs sells; creator sold
2026-10-04 09:58:56,30pct-2min,kittylick,7sz1MB3GtXDZjVMucVizpgJuJ7ydJRBBP72p1QhDpump,60,71.6,43,34,4,1.26,0.005,57.8,yes,0.62,unique buyers; buys vs sells; net SOL buying; one wallet's share; creator sold
2026-10-04 09:58:56,50pct-3min,kittylick,7sz1MB3GtXDZjVMucVizpgJuJ7ydJRBBP72p1QhDpump,60,71.6,43,34,4,1.26,0.005,57.8,yes,0.62,unique buyers; buys vs sells; net SOL buying; one wallet's share; creator sold
2026-10-04 09:59:07,30pct-2min,SI slopcore,DfnGtqRJ3u1VWM9rCkGpzbfC72KF9z1Lvuw1ytumpump,65,31.3,42,20,27,2.1,4.405,26.6,yes,17.32,creator sold
2026-10-04 09:59:20,100pct-5min,cap,89fEhUTYgemMwXdwuwp4mrRU2eZa7MGTMCigU55npump,88,127.4,17,12,3,1.42,0.064,58.4,no,0.5,unique buyers; buys vs sells; net SOL buying; one wallet's share; copycat name
2026-10-04 09:59:20,30pct-2min,Nvidia,BH6SnrUHQQjDSHBQ7kLRfhS4JKgmmkBt9pADU4YWpump,64,51.4,5,3,3,1.67,0.325,60.1,no,1.5,buys; unique buyers; net SOL buying; one wallet's share; copycat name
2026-10-04 09:59:20,50pct-3min,Nvidia,BH6SnrUHQQjDSHBQ7kLRfhS4JKgmmkBt9pADU4YWpump,64,51.4,5,3,3,1.67,0.325,60.1,no,1.5,buys; unique buyers; net SOL buying; one wallet's share; copycat name
2026-10-04 09:59:25,30pct-2min,SLOP,6W1QFdAeF343gzQK5rANuyb72VioSXq8zhLBgnGXS6Gg,62,132,93,81,84,1.15,24.72,11.3,yes,61.12,buys vs sells; creator sold
2026-10-04 09:59:25,50pct-3min,SLOP,6W1QFdAeF343gzQK5rANuyb72VioSXq8zhLBgnGXS6Gg,62,132,93,81,84,1.15,24.72,11.3,yes,61.12,buys vs sells; creator sold
2026-10-04 09:59:25,100pct-5min,SLOP,6W1QFdAeF343gzQK5rANuyb72VioSXq8zhLBgnGXS6Gg,62,132,93,81,84,1.15,24.72,11.3,yes,61.12,buys vs sells; creator sold
2026-10-04 09:59:32,100pct-5min,NET,6juFQJMJ52i4ZsqGAeKMxD9sXHoEGxsNQYJUBGXUpump,67,82,68,37,63,1.84,11.8,5.8,no,38.19,rise
2026-10-04 09:59:52,100pct-5min,Nvidia,BH6SnrUHQQjDSHBQ7kLRfhS4JKgmmkBt9pADU4YWpump,97,152.1,9,5,3,1.8,0.071,53.6,yes,0.83,buys; unique buyers; net SOL buying; one wallet's share; creator sold; copycat name
2026-10-04 09:59:57,30pct-2min,SAVPIR,G1HEE5BFCsFuknCMMKjQGAYGaVbK25AWX9ioCDMqpump,60,935.1,70,48,7,1.46,0.403,79.1,no,3.62,unique buyers; buys vs sells; net SOL buying; one wallet's share; copycat name
2026-10-04 09:59:57,50pct-3min,SAVPIR,G1HEE5BFCsFuknCMMKjQGAYGaVbK25AWX9ioCDMqpump,60,935.1,70,48,7,1.46,0.403,79.1,no,3.62,unique buyers; buys vs sells; net SOL buying; one wallet's share; copycat name
2026-10-04 09:59:57,100pct-5min,SAVPIR,G1HEE5BFCsFuknCMMKjQGAYGaVbK25AWX9ioCDMqpump,60,935.1,70,48,7,1.46,0.403,79.1,no,3.62,unique buyers; buys vs sells; net SOL buying; one wallet's share; copycat name
2026-10-04 10:00:12,30pct-2min,wind,3ZgkGgPhLs4r8kY6s6jk4erh2gPQ67gqFoPTpT42pump,61,59,79,61,15,1.3,1.04,39.6,yes,4.12,buys vs sells; net SOL buying; one wallet's share; creator sold
2026-10-04 10:00:12,50pct-3min,wind,3ZgkGgPhLs4r8kY6s6jk4erh2gPQ67gqFoPTpT42pump,61,59,79,61,15,1.3,1.04,39.6,yes,4.12,buys vs sells; net SOL buying; one wallet's share; creator sold
2026-10-04 10:00:16,100pct-5min,SI,6AKyD5o3jfnvzZ8gxwF1m9FnXWEe7gut7YBQ3Q2gAZ17,225,100.1,449,323,333,1.39,23.315,6,yes,59.16,buys vs sells; creator sold; copycat name
2026-10-04 10:00:58,30pct-2min,OTTER,D8WkdhdDRWf3a3CdBqMd7Qn4eTAVw3PvUguF8H3epump,61,92.7,56,46,5,1.22,0.217,49.5,no,7.42,unique buyers; buys vs sells; net SOL buying; one wallet's share; copycat name
2026-10-04 10:00:58,50pct-3min,OTTER,D8WkdhdDRWf3a3CdBqMd7Qn4eTAVw3PvUguF8H3epump,61,92.7,56,46,5,1.22,0.217,49.5,no,7.42,unique buyers; buys vs sells; net SOL buying; one wallet's share; copycat name
2026-10-04 10:00:58,30pct-2min,10841,6mdxnXmC3FaU3kRNye55LNjSrcuJhgyDZu4Bzw6tfYBY,60,240,199,113,182,1.76,30.777,5.6,yes,68.51,creator sold
2026-10-04 10:00:58,50pct-3min,10841,6mdxnXmC3FaU3kRNye55LNjSrcuJhgyDZu4Bzw6tfYBY,60,240,199,113,182,1.76,30.777,5.6,yes,68.51,creator sold
2026-10-04 10:00:58,100pct-5min,10841,6mdxnXmC3FaU3kRNye55LNjSrcuJhgyDZu4Bzw6tfYBY,60,240,199,113,182,1.76,30.777,5.6,yes,68.51,creator sold
2026-10-04 10:00:59,100pct-5min,FUNI,G61m2tk6saUCSmt8Y32ossk9T6tVGv5gnjJ1UuQwwCzQ,60,96.2,43,25,40,1.72,13.124,9.2,no,41.17,rise
2026-10-04 10:01:13,30pct-2min,CLOG,2D2z4Z1HnTfkZhfWBi5WwpQYEuomm789yR2auHdApump,61,149.5,40,28,7,1.43,0.081,68.2,yes,1.27,unique buyers; buys vs sells; net SOL buying; one wallet's share; creator sold
2026-10-04 10:01:13,50pct-3min,CLOG,2D2z4Z1HnTfkZhfWBi5WwpQYEuomm789yR2auHdApump,61,149.5,40,28,7,1.43,0.081,68.2,yes,1.27,unique buyers; buys vs sells; net SOL buying; one wallet's share; creator sold
2026-10-04 10:01:13,100pct-5min,CLOG,2D2z4Z1HnTfkZhfWBi5WwpQYEuomm789yR2auHdApump,61,149.5,40,28,7,1.43,0.081,68.2,yes,1.27,unique buyers; buys vs sells; net SOL buying; one wallet's share; creator sold
2026-10-04 10:01:20,30pct-2min,imu,DMaWU3rCqe4P1WG5k92EcX1LD37mnFMGqRjENqFhpump,61,44.3,59,43,9,1.37,0.084,45.6,no,2.06,unique buyers; buys vs sells; net SOL buying; one wallet's share
2026-10-04 10:01:20,50pct-3min,imu,DMaWU3rCqe4P1WG5k92EcX1LD37mnFMGqRjENqFhpump,62,80.9,60,43,9,1.4,0.106,46.3,no,2.7,unique buyers; buys vs sells; net SOL buying; one wallet's share
2026-10-04 10:01:40,100pct-5min,imu,DMaWU3rCqe4P1WG5k92EcX1LD37mnFMGqRjENqFhpump,81,120.8,81,59,11,1.37,0.333,43.8,no,21.6,buys vs sells; net SOL buying; one wallet's share
2026-10-04 10:01:46,30pct-2min,Gayman,BRbjBu28RW6wMgEw84YVcevaoqq9uv6adAPQPZL1pump,62,46,152,98,100,1.55,7.443,8.8,yes,26.9,creator sold; copycat name
2026-10-04 10:02:20,30pct-2min,KOTH,ufitjDayJ6T1FQTbEdU14aNCtG8F65nyTuh2FQBKoTh,62,107.3,64,34,54,1.88,16.749,8.4,yes,48.47,creator sold
2026-10-04 10:02:20,50pct-3min,KOTH,ufitjDayJ6T1FQTbEdU14aNCtG8F65nyTuh2FQBKoTh,62,107.3,64,34,54,1.88,16.749,8.4,yes,48.47,creator sold
2026-10-04 10:02:20,100pct-5min,KOTH,ufitjDayJ6T1FQTbEdU14aNCtG8F65nyTuh2FQBKoTh,62,107.3,64,34,54,1.88,16.749,8.4,yes,48.47,creator sold
2026-10-04 10:02:38,100pct-5min,OTTER,D8WkdhdDRWf3a3CdBqMd7Qn4eTAVw3PvUguF8H3epump,161,100.8,64,56,5,1.14,0.055,50.2,yes,5,unique buyers; buys vs sells; net SOL buying; one wallet's share; creator sold; copycat name
2026-10-04 10:02:54,30pct-2min,SLOPCORE,Fp5SE1k7pKGboEkzcLaFbpeKp6uiw5WjBnHEMaSG3m1u,82,38.4,30,30,29,1.0,6.167,15.8,no,23.07,buys vs sells; copycat name
2026-10-04 10:02:54,50pct-3min,SLOPCORE,Fp5SE1k7pKGboEkzcLaFbpeKp6uiw5WjBnHEMaSG3m1u,82,50.4,38,30,36,1.27,7.7,14.6,no,27.63,buys vs sells; copycat name
2026-10-04 10:02:56,30pct-2min,GNB,5Mq1Wy4WnSkTHeaTPQZ5Gczkt5gm65PW2veSu9xupump,61,1672.3,76,61,9,1.25,1.267,80.1,yes,33.51,unique buyers; buys vs sells; net SOL buying; one wallet's share; creator sold; copycat name
2026-10-04 10:02:56,50pct-3min,GNB,5Mq1Wy4WnSkTHeaTPQZ5Gczkt5gm65PW2veSu9xupump,61,1672.3,76,61,9,1.25,1.267,80.1,yes,33.51,unique buyers; buys vs sells; net SOL buying; one wallet's share; creator sold; copycat name
2026-10-04 10:02:56,100pct-5min,GNB,5Mq1Wy4WnSkTHeaTPQZ5Gczkt5gm65PW2veSu9xupump,61,1672.3,76,61,9,1.25,1.267,80.1,yes,33.51,unique buyers; buys vs sells; net SOL buying; one wallet's share; creator sold; copycat name
2026-10-04 10:02:59,30pct-2min,SOOTS,23T3oMJ39MekAAv5123aAu1YhXfm47No2mVeFHXWpump,128,30.2,8,9,2,0.89,-0.115,67.1,yes,0,buys; unique buyers; buys vs sells; net SOL buying; one wallet's share; creator sold
2026-10-04 10:03:01,50pct-3min,SOOTS,23T3oMJ39MekAAv5123aAu1YhXfm47No2mVeFHXWpump,130,53,13,11,3,1.18,0.066,65.5,yes,0.22,buys; unique buyers; buys vs sells; net SOL buying; one wallet's share; creator sold
2026-10-04 10:03:06,30pct-2min,TSI,AdwSWpVYVFvHVsUqoTcsSvfs3kDejPcZ9TDLSMNJ4KC5,60,98.7,77,53,74,1.45,19.339,9,yes,53.03,buys vs sells; creator sold; copycat name
2026-10-04 10:03:06,50pct-3min,TSI,AdwSWpVYVFvHVsUqoTcsSvfs3kDejPcZ9TDLSMNJ4KC5,60,98.7,77,53,74,1.45,19.339,9,yes,53.03,buys vs sells; creator sold; copycat name
2026-10-04 10:03:24,30pct-2min,SAVPIR,3z7Fxuz4BfSRxXxXGNPR1zELMEnhWL3PFe1y5feapump,61,1714.7,53,42,9,1.26,0.498,59.5,no,2.32,unique buyers; buys vs sells; net SOL buying; one wallet's share; copycat name
2026-10-04 10:03:24,50pct-3min,SAVPIR,3z7Fxuz4BfSRxXxXGNPR1zELMEnhWL3PFe1y5feapump,61,1714.7,53,42,9,1.26,0.498,59.5,no,2.32,unique buyers; buys vs sells; net SOL buying; one wallet's share; copycat name
2026-10-04 10:03:24,100pct-5min,SAVPIR,3z7Fxuz4BfSRxXxXGNPR1zELMEnhWL3PFe1y5feapump,61,1714.7,53,42,9,1.26,0.498,59.5,no,2.32,unique buyers; buys vs sells; net SOL buying; one wallet's share; copycat name
2026-10-04 10:03:32,30pct-2min,Outpump,3AEdGUWWDQKMveDVG7EMPAwRyv9usxHrUhnkpzwppump,128,27.9,28,18,25,1.56,4.008,11.8,no,18.43,rise
