first_checked_utc,strategy,token_address,symbol,name,pair_address,price_usd,verdict,failed_checks,safety_checked,decisions,signal_wallets,dex_id,pool_age_minutes,market_cap_usd,liquidity_usd,buys_5m,sells_5m,buys_1h,sells_1h,buys_24h,sells_24h,volume_5m_usd,volume_1h_usd,volume_24h_usd,price_change_5m_pct,price_change_1h_pct,price_change_24h_pct,rc_launchpad,rc_first_seen_utc,rc_creator,rc_creator_pct,rc_top1_pct,rc_top10_pct,rc_total_holders,rc_insider_largest_network,rc_insider_largest_network_pct,rc_creator_tokens,rc_creator_tokens_dead,token_age_hours,creator_ledger_launches,creator_ledger_dead,price_1h_usd,market_cap_1h_usd,liquidity_1h_usd,time_1h_utc,price_6h_usd,market_cap_6h_usd,liquidity_6h_usd,time_6h_utc,price_24h_usd,market_cap_24h_usd,liquidity_24h_usd,time_24h_utc
2026-10-11 02:04:11,main (1 min),7zLhXGuwyBdhTJkjjN67nEpPSy7EWkds6z8HaXoWpump,violet,violet the singing cat,DdEKu2CAGhxc4VL1jV8oSux2pX2uMmXgto7eNMUYFg1T,1.519e-05,FAIL,"Migrated (PumpSwap/Raydium): trades on 'pumpfun'; Market cap in range: $15,196 (need $100,000 to $5,000,000); Liquidity: unknown (need at least $30,000); 24h transactions: 487 trades (need 500)",no,main=failed main's checks; A=not considered (failed main's checks); B=not considered (failed main's checks); C=not considered (failed main's checks),,pumpfun,5.358620383,15195.61,,263,224,263,224,263,224,19138.69,19138.69,19138.69,132,132,132,,,,,,,,,,,,,,,,,,,,,,,,,,
2026-10-11 02:04:11,main (1 min),rCb4eqck97AvydfDQzpnxBoDAMh9RMr5fkMrLsepump,RAlL,RAlL,9KbHk4ef5jq3wzG7h9HVRXyCi9vVVMKvqQfUemhPg19Z,1.519e-05,FAIL,"Migrated (PumpSwap/Raydium): trades on 'pumpfun'; Market cap in range: $15,197 (need $100,000 to $5,000,000); Liquidity: unknown (need at least $30,000)",no,main=failed main's checks; A=not considered (failed main's checks); B=not considered (failed main's checks); C=not considered (failed main's checks),,pumpfun,30.75862038,15196.78,,132,91,1372,1046,1372,1046,9568.59,81196.61,81196.61,41.76,118,118,,,,,,,,,,,,,,,,,,,,,,,,,,
2026-10-11 02:04:11,main (1 min),2DiZhrDghUj4h2jWHfWSDeMGbhrZFRCUDmBMWYWZpump,TRENCH,Trenchlands,4FF94GZszrfA7uMgTtW56yr5HaPn2TDkhhYvWgpf3uKp,1.423e-05,FAIL,"Migrated (PumpSwap/Raydium): trades on 'pumpfun'; Market cap in range: $14,238 (need $100,000 to $5,000,000); Liquidity: unknown (need at least $30,000); Not up >300% in 24h: +347% in 24h",no,main=failed main's checks; A=not considered (failed main's checks); B=not considered (failed main's checks); C=not considered (failed main's checks),,pumpfun,178.6752871,14237.87,,13,4,49,31,306,239,1006.24,4189.34,29148.48,9.68,10.27,347,,,,,,,,,,,,,,,,,,,,,,,,,,
2026-10-11 02:04:11,main (1 min),9f6AJaqGSdwKNE8qUqNxLuhdwfn1Gp4oEvYihZk1pump,CINEMA,Absolute Cinema,Bxc3WhGNazini2BckXXNrqxZwfVCFS5itccHENnYk6pV,9.307e-05,FAIL,"Market cap in range: $93,071 (need $100,000 to $5,000,000); Liquidity: $27,499 (need at least $30,000)",no,main=failed main's checks; A=not considered (failed main's checks); B=not considered (failed main's checks); C=not considered (failed main's checks),,pumpswap,12.17528705,93071,27498.72,455,333,990,650,990,650,42559.86,111599.87,111599.87,-30.8,86.66,86.66,,,,,,,,,,,,,,,,,,,,,,,,,,
2026-10-11 02:04:11,main (1 min),H5sKouu3TDChsaxaHvAE415vE95GpbLuwtSzomyPpump,Nasduck,Nasduck,4wGwQwAebUoMfpeYSZJWJ99Yf94bUAc1w1f37sFDjWoe,0.0001685,PASS,,yes,"main=passed, not bought (stopped); B=skipped (organic score <60); A=not bought; C=not bought",,pumpswap,25.40862038,168504,34820.7,802,234,4489,1250,4489,1250,22475.94,293295.44,293295.44,-5.53,17.5,17.5,pump_fun,2026-10-11 01:38:48,G3mMoLZNd9Dz1s87JjroFpxisntbETLFJjHo7JfAoX4P,0,0.2265459911,2.227645148,1534,0,0,,,0.4231992286,0,0,,,,,,,,,,,,
2026-10-11 02:04:11,main (1 min),E1socB663TRWPFug1Yk9PkFc7qV43gALcDg9jY11pump,FOMER,Fomer Agent,5mnQR2M5TZJPJ3N252bgh6qA4C7fngDDDMuLGCuZMUFm,3.101e-06,FAIL,"Migrated (PumpSwap/Raydium): trades on 'pumpfun'; Market cap in range: $3,101 (need $100,000 to $5,000,000); Liquidity: unknown (need at least $30,000); 24h transactions: 184 trades (need 500)",no,main=failed main's checks; A=not considered (failed main's checks); B=not considered (failed main's checks); C=not considered (failed main's checks),,pumpfun,19.42528705,3101.11,,0,1,96,88,96,88,1.49,5421.01,5421.01,-0.09,-5.58,-5.58,,,,,,,,,,,,,,,,,,,,,,,,,,
2026-10-11 02:04:11,main (1 min),Cto5hThJUn2xk9LKEVHcf9cGXzP1aBfngm7zS2agpump,upcat,up cat,3Atcejpy9zpnPF5pvx3fYsy79L6t6cWd7TP2TBLmxmaN,3.564e-06,FAIL,"Migrated (PumpSwap/Raydium): trades on 'pumpfun'; Market cap in range: $3,564 (need $100,000 to $5,000,000); Liquidity: unknown (need at least $30,000); 24h transactions: 352 trades (need 500); More buys than sells: 174 buys vs 178 sells",no,main=failed main's checks; A=not considered (failed main's checks); B=not considered (failed main's checks); C=not considered (failed main's checks),,pumpfun,25.75862038,3564.42,,5,23,174,178,174,178,2235.42,20026.76,20026.76,-53.04,-4.77,-4.77,,,,,,,,,,,,,,,,,,,,,,,,,,
2026-10-11 02:04:11,main (1 min),7HADbQKbbUGYiML8JLDzyQA9emUqsHVA4F2Fu2q9pump,L3NT1L,L3NT1L,CScCJt8sYrLxA1biyxLF72py6L6Sqy2naYDQnPewvyNs,1.001e-05,FAIL,"Migrated (PumpSwap/Raydium): trades on 'pumpfun'; Market cap in range: $10,014 (need $100,000 to $5,000,000); Liquidity: unknown (need at least $30,000)",no,main=failed main's checks; A=not considered (failed main's checks); B=not considered (failed main's checks); C=not considered (failed main's checks),,pumpfun,35.27528705,10014.04,,43,50,1052,923,1052,923,5099.57,90572.79,90572.79,-9.51,187,187,,,,,,,,,,,,,,,,,,,,,,,,,,
2026-10-11 02:04:11,main (1 min),CYVnPrL33rqAgnkosi5KBZpwAuYYugcx6cEqvAwMpump,L3NT1L,Super Intelligence Cat,6WK8MYw99hU6AB8bUNJrBDJLaEnkVNnheMPC3dYGLoev,4.327e-06,FAIL,"Market cap in range: $4,327 (need $100,000 to $5,000,000); Liquidity: $3,858 (need at least $30,000); More buys than sells: 444 buys vs 483 sells",no,main=failed main's checks; A=not considered (failed main's checks); B=not considered (failed main's checks); C=not considered (failed main's checks),,pumpswap,25.30862038,4327,3857.52,0,3,444,483,444,483,22.52,33672.97,33672.97,-2.7,-90.29,-90.29,,,,,,,,,,,,,,,,,,,,,,,,,,
2026-10-11 02:04:11,main (1 min),8rcphpwBMeGeuh2g7ZxKASsPNWK1ndv1WbvbvFyRpump,Critters,Critters,5W4hz3Lpn3n966BzVuRhFLWrKGQCmKnSn8vHjxkN3Bmv,1.768e-05,FAIL,"Migrated (PumpSwap/Raydium): trades on 'pumpfun'; Market cap in range: $17,689 (need $100,000 to $5,000,000); Liquidity: unknown (need at least $30,000)",no,main=failed main's checks; A=not considered (failed main's checks); B=not considered (failed main's checks); C=not considered (failed main's checks),,pumpfun,37.14195372,17689.37,,23,16,1206,890,1206,890,1910.15,90068.68,90068.68,30.49,226,226,,,,,,,,,,,,,,,,,,,,,,,,,,
2026-10-11 02:04:11,main (1 min),5Z6DuBHjoMDGYJtpXKvoPmWbKyY2rZEGbk3B1MTppump,POPI,Popi,3C2M8X1F4f7iz3Px9rqQZVjf6QeEWSgGHqTjWiBhmXEr,1.062e-05,FAIL,"Migrated (PumpSwap/Raydium): trades on 'pumpfun'; Market cap in range: $10,621 (need $100,000 to $5,000,000); Liquidity: unknown (need at least $30,000); 24h transactions: 376 trades (need 500)",no,main=failed main's checks; A=not considered (failed main's checks); B=not considered (failed main's checks); C=not considered (failed main's checks),,pumpfun,67.82528705,10620.68,,0,3,120,126,189,187,12.11,17386.03,23798.28,-0.99,76.55,204,,,,,,,,,,,,,,,,,,,,,,,,,,
2026-10-11 02:04:11,main (1 min),9KoA16cdbPSyXgPCb2QGGFwY7wAX2NHD7mjBXJTipump,Fin,Fin The Penguin,93mWDnFWY1v4SEc9TA19mAXFuFqd65JCZY8eay5ksrJ5,2.803e-06,FAIL,"Market cap in range: $2,580 (need $100,000 to $5,000,000); Liquidity: $2,739 (need at least $30,000)",no,main=failed main's checks; A=not considered (failed main's checks); B=not considered (failed main's checks); C=not considered (failed main's checks),,pumpswap,61.00862038,2580,2738.71,0,0,797,745,961,864,0,52726.35,64633.81,,-93.3,-93.65,,,,,,,,,,,,,,,,,,,,,,,,,,
2026-10-11 02:04:11,main (1 min),499jsDAAUKxjHLXzXTx9xzZfpqAtk5MWdkXY5LiNpump,CHROME,Chrome Cat,4dQEzUvAizmysJ99sbmMTDy4szKd3o8P49myeC2X4dg1,0.0002381,PASS,,yes,"main=passed, not bought (stopped); B=skipped (organic score <60); A=not bought; C=not bought",,pumpswap,56.05862038,234432,42419.44,1364,668,13573,4965,13573,4965,56381.1,571803.37,571803.37,32.4,69.36,69.36,pump_fun,2026-10-11 01:08:10,D1qZstqX27Cd6ppMQasr2cHrfYs91NKNSTDFCswGYGTo,0.035880783,0.1498167775,1.486408516,3411,0,0,,,0.9337547842,0,0,,,,,,,,,,,,
2026-10-11 02:04:11,main (1 min),564TGXSRPH2a7vJvdp1uSaZ4M1qDmeKgoMZyfBvYpump,Ollie,My Super Intelligent Cat,Bos7G49PSy2SaYnPNWsZjDL25Sc4qgUwmncmGAZitv1f,0.0001332,PASS,,yes,"main=passed, not bought (stopped); B=skipped (up >100% in 1h); A=not bought; C=not bought",,pumpswap,52.27528705,131031,32428.47,186,124,6643,5765,6643,5765,12434.43,757329.99,757329.99,-14.13,193,193,pump_fun,2026-10-11 01:11:02,AGja5tTMvTzsgdKgMLboRGSsioQV2cJuLFiud9fgnSgr,0,5.082982291,20.41371014,4070,0,0,,,0.8859770064,0,0,,,,,,,,,,,,
2026-10-11 02:04:11,main (1 min),MWVv4ahMFAhfAeJqtC5rdtGhHMuVBMLS2r3KjKTpump,Fuwa,Fuwa Wuffington,9fHPmGGVcok4zEcuKVLjo5szyEogqXeGwz2Mb2VEofF9,8.207e-06,FAIL,"Migrated (PumpSwap/Raydium): trades on 'pumpfun'; Market cap in range: $8,208 (need $100,000 to $5,000,000); Liquidity: unknown (need at least $30,000)",no,main=failed main's checks; A=not considered (failed main's checks); B=not considered (failed main's checks); C=not considered (failed main's checks),,pumpfun,97.50862038,8207.76,,5,4,447,378,955,818,516.35,50265.67,98305.32,16.82,-44.04,37.32,,,,,,,,,,,,,,,,,,,,,,,,,,
2026-10-11 02:04:11,main (1 min),ACthgQPe3z2VT7c8VXxcW84cgH4Y1XcUYBcXs4fxpump,ALON,Alon Cohen,HgM6AnZ1VWmgoAU3qwoxcwdz3uZnS6RaPHiCwRhRYzvw,3.439e-06,FAIL,"Migrated (PumpSwap/Raydium): trades on 'pumpfun'; Market cap in range: $3,439 (need $100,000 to $5,000,000); Liquidity: unknown (need at least $30,000)",no,main=failed main's checks; A=not considered (failed main's checks); B=not considered (failed main's checks); C=not considered (failed main's checks),,pumpfun,78.07528705,3439.26,,0,1,58,76,364,340,0.01,6397.43,29524.7,-0.3,-80.5,-18.73,,,,,,,,,,,,,,,,,,,,,,,,,,
2026-10-11 02:04:11,main (1 min),2g4LS3y2myPe6vj9wTvoBE1wKqxvhnZPoZA9QU9upump,SORACAT,SORACAT,A7aL54GWNMdGDiYabUmaRVJVzR9oDqQ4U58AGXRinAHt,7.38e-05,FAIL,"Market cap in range: $73,801 (need $100,000 to $5,000,000); Liquidity: $22,430 (need at least $30,000)",no,main=failed main's checks; A=not considered (failed main's checks); B=not considered (failed main's checks); C=not considered (failed main's checks),,pumpswap,25.00862038,73801,22429.85,299,191,1785,1309,1785,1309,21104.33,148461.08,148461.08,-4.65,60.85,60.85,,,,,,,,,,,,,,,,,,,,,,,,,,
2026-10-11 02:04:11,main (1 min),HcsinaNrAbNmay3duNGBfXjYDKy6tGi9eChT4KNjBUHC,?,?,,,FAIL,Market data: DexScreener has no trading pair for this token,no,main=failed main's checks; A=not considered (failed main's checks); B=not considered (failed main's checks); C=not considered (failed main's checks),,,,,,,,,,,,,,,,,,,,,,,,,,,,,,,,,,,,,,,,,,,
2026-10-11 02:04:11,main (1 min),AYPvrtL9F31F99knQABWPfpqDuys5wmx82BGBxA4pump,ENTANGLED,Entangled Bit,J6PcGp3mX1UoNEsx7DEUq59V8zTKgbB36MFBKs3gc9CH,3.548e-05,FAIL,"Market cap in range: $32,921 (need $100,000 to $5,000,000); Liquidity: $14,655 (need at least $30,000); More buys than sells: 431 buys vs 469 sells",no,main=failed main's checks; A=not considered (failed main's checks); B=not considered (failed main's checks); C=not considered (failed main's checks),,pumpswap,64.50862038,32921,14654.68,16,15,265,226,431,469,2379.16,23874.81,39264.11,19.91,3.86,-22.51,,,,,,,,,,,,,,,,,,,,,,,,,,
2026-10-11 02:04:11,main (1 min),PooLGHUSy9BhUVGS8195rcdDJQVnYuhb3U4GAKkSo2p,POOLED,Pooled,6heNfJdXnzTfHsGLSxTH8m6uweYrojttdwoCibyT6aVZ,3.103e-06,FAIL,"Migrated (PumpSwap/Raydium): trades on 'pumpfun'; Market cap in range: $3,103 (need $100,000 to $5,000,000); Liquidity: unknown (need at least $30,000); 24h transactions: 208 trades (need 500); More buys than sells: 103 buys vs 105 sells",no,main=failed main's checks; A=not considered (failed main's checks); B=not considered (failed main's checks); C=not considered (failed main's checks),,pumpfun,86.20862038,3103.48,,0,0,0,1,103,105,0,80.83,8162.22,,-4.73,-41.62,,,,,,,,,,,,,,,,,,,,,,,,,,
2026-10-11 02:04:11,main (1 min),AGDC5GePfE9riZHtJhR8NJWTWbX5JgjsGs6go5WSpump,wifpumpkin,dogwifpumpkin,HbmJ67P4XGLex7j7jw1igRxyF6ZAA2kisr7UTKMKztAm,2.497e-05,FAIL,"Migrated (PumpSwap/Raydium): trades on 'pumpfun'; Market cap in range: $24,978 (need $100,000 to $5,000,000); Liquidity: unknown (need at least $30,000); Not up >300% in 24h: +374% in 24h; 24h transactions: 155 trades (need 500)",no,main=failed main's checks; A=not considered (failed main's checks); B=not considered (failed main's checks); C=not considered (failed main's checks),,pumpfun,194.9752871,24977.52,,2,0,23,14,84,71,11.77,2139.94,7492.72,0.5,27.74,374,,,,,,,,,,,,,,,,,,,,,,,,,,
2026-10-11 02:04:11,main (1 min),C4uX5rRmFvLFfY7K8eVnvvs5vu8WPnrt5Cd6gVaPpump,Stimmy,Is We Getting,4rieEaUpVt8Z92b74VG5c9LtsrW8bZopZc3HdRmLy8L1,3.115e-06,FAIL,"Migrated (PumpSwap/Raydium): trades on 'pumpfun'; Market cap in range: $3,116 (need $100,000 to $5,000,000); Liquidity: unknown (need at least $30,000); 24h transactions: 403 trades (need 500); More buys than sells: 190 buys vs 213 sells",no,main=failed main's checks; A=not considered (failed main's checks); B=not considered (failed main's checks); C=not considered (failed main's checks),,pumpfun,108.925287,3115.68,,0,1,0,3,190,213,0.53,450.1,21132.42,-0.25,-37.13,-60.23,,,,,,,,,,,,,,,,,,,,,,,,,,
2026-10-11 02:04:11,main (1 min),3Y9QZ7TR3WUD1ZDsrjWe2uNAdXESZEBo2XacPw7Vpump,SUPMKT,Super Market Inu,94tupYk7hinha9fU2NQEkfh6jkykx88nTUbVQC2V9mAB,0.001315,FAIL,Not up >300% in 24h: +1917% in 24h,no,main=failed main's checks; A=not considered (failed main's checks); B=not considered (failed main's checks); C=not considered (failed main's checks),,pumpswap,158.1419537,1306330,103519.71,758,118,6168,1766,15984,5742,12540.27,311029,1345639.98,0.96,14.12,1917,,,,,,,,,,,,,,,,,,,,,,,,,,
2026-10-11 02:04:11,main (1 min),S7CX22Aab2DitcTHvehdYv8eXmXj7V1DsNcso9Kpaid,TASIMOVF,Asimov Foundation,FmUEBnAQ5UcJ4XYw5DZvKUnFJ436aCB7usiSbFT7VxPV,3.495e-06,FAIL,"Migrated (PumpSwap/Raydium): trades on 'pumpfun'; Market cap in range: $3,495 (need $100,000 to $5,000,000); Liquidity: unknown (need at least $30,000)",no,main=failed main's checks; A=not considered (failed main's checks); B=not considered (failed main's checks); C=not considered (failed main's checks),,pumpfun,113.2919537,3495.05,,0,0,0,17,971,901,0,156.8,77055.06,,-12.66,-17.62,,,,,,,,,,,,,,,,,,,,,,,,,,
2026-10-11 02:04:11,main (1 min),5ytWEcH2Pu9hUT1zH1zdmg8xut9Zw59qnsHMhKLJpump,POCKET,Pocket,KQHhdi54tj5QbMk9fyssmQgyQkWkduG4NeQfDUwXcat,3.165e-06,FAIL,"Migrated (PumpSwap/Raydium): trades on 'pumpfun'; Market cap in range: $3,165 (need $100,000 to $5,000,000); Liquidity: unknown (need at least $30,000)",no,main=failed main's checks; A=not considered (failed main's checks); B=not considered (failed main's checks); C=not considered (failed main's checks),,pumpfun,118.7419537,3165.44,,0,0,0,7,600,518,0,10.55,45519.64,,-0.58,-3.53,,,,,,,,,,,,,,,,,,,,,,,,,,
2026-10-11 02:04:11,main (1 min),FoSba4Gq9s4pN8MwbcK1jJTwVdPAQwncbJKmu2UnbGgx,SHIBUCKS,ShibaBucks,GDfC6QJJZBDzgJtxc9rZPdCkyhCRBfBS6dEwUmZnbHo2,4.1e-05,FAIL,"Migrated (PumpSwap/Raydium): trades on 'pumpfun'; Market cap in range: $41,000 (need $100,000 to $5,000,000); Liquidity: unknown (need at least $30,000); Not up >300% in 24h: +944% in 24h",no,main=failed main's checks; A=not considered (failed main's checks); B=not considered (failed main's checks); C=not considered (failed main's checks),,pumpfun,,41000.48,,24,20,520,361,1616,1182,2247.1,49056,153139.71,-5.59,45.89,944,,,,,,,,,,,,,,,,,,,,,,,,,,
2026-10-11 02:04:11,main (1 min),6WCtKQfkWurd77tCCAYWuL5TwyAvuovTzworfnfupump,SUB-01,SUBZERONE,4gAj3MmDM2yk41frM7twYTUazwVsUzhjH9ZNdW81qSpp,0.0001182,FAIL,Not up >300% in 24h: +349% in 24h,no,main=failed main's checks; A=not considered (failed main's checks); B=not considered (failed main's checks); C=not considered (failed main's checks),,pumpswap,2993.291954,115918,30358.39,15,4,72,37,838,774,991.1,4477.24,156650.01,6.27,-2.11,349,,,,,,,,,,,,,,,,,,,,,,,,,,
2026-10-11 02:04:11,main (1 min),9TgYeYTKAhZp2xt6LULKLxN6nGJHdJohdR7jdGMTrXzD,MBI,MemeDOJ,CyLyxx9bUyUmrcczkFMZkL62dfUzpRwAjSUHvLy4yo51,4.879e-05,FAIL,"Market cap in range: $36,597 (need $100,000 to $5,000,000); Liquidity: $2,216 (need at least $30,000); 24h transactions: 176 trades (need 500)",no,main=failed main's checks; A=not considered (failed main's checks); B=not considered (failed main's checks); C=not considered (failed main's checks),,raydium,516.4752871,36597,2216.08,0,0,10,11,91,85,0,89.13,3014.85,,2.32,21.81,,,,,,,,,,,,,,,,,,,,,,,,,,
2026-10-11 02:04:11,main (1 min),3sbG9zz4MzJacqtZYkqzzWzxwdh9zoWNtBoyn3mYpump,WWWCAT,world wide web cat,3ygCwWNW2fXhu5v92pgzmPbnYgAyKR2PDBBJNbAYSVRr,2.33e-06,FAIL,"Market cap in range: $2,272 (need $100,000 to $5,000,000); Liquidity: $2,482 (need at least $30,000)",no,main=failed main's checks; A=not considered (failed main's checks); B=not considered (failed main's checks); C=not considered (failed main's checks),,pumpswap,141.0586204,2272,2482.5,0,0,0,1,14520,9058,0,0.08,683635.21,,-0.03,-98.35,,,,,,,,,,,,,,,,,,,,,,,,,,
2026-10-11 02:04:11,main (1 min),3BAXtVzSRVnFHbdgJgBKQZaVvJpa6pLksAbBbXFppump,LAUNCHER,Launcher WTF,6aWGB5upHA2jBmDTQDVehkiY7JJAZxxXpenZBf9bRXSW,0.00021,FAIL,Not up >300% in 24h: +355% in 24h,no,main=failed main's checks; A=not considered (failed main's checks); B=not considered (failed main's checks); C=not considered (failed main's checks),,pumpswap,156.7252871,184047,39319.81,79,50,1318,778,3345,1941,5128.35,90480.39,233312.94,-0.64,19.01,355,,,,,,,,,,,,,,,,,,,,,,,,,,
2026-10-11 02:04:11,main (1 min),4WhM1KWNF5K65DVg7YmN4brZUehrCCho5pqJZNZ6pump,RPDOG,buy and repost this dog,9VYrZn8u2YutAWyTXjXZ1tMvbzEHJ8yWnxxv4FptyZb3,3.272e-06,FAIL,"Migrated (PumpSwap/Raydium): trades on 'pumpfun'; Market cap in range: $3,272 (need $100,000 to $5,000,000); Liquidity: unknown (need at least $30,000)",no,main=failed main's checks; A=not considered (failed main's checks); B=not considered (failed main's checks); C=not considered (failed main's checks),,pumpfun,160.6419537,3272.35,,0,1,4,7,843,722,21.49,134.4,66555.12,-1.4,-7.16,-34.78,,,,,,,,,,,,,,,,,,,,,,,,,,
2026-10-11 02:04:11,main (1 min),FkxrGQezg6ebjRjFAyt5fXnTq8MPoUP48ueiePsUpump,FLOWERS,FLOWERS Walmart 44 years,65m3ZvDMn44vX4KwmApAgQhToVSrjvDyfgHGYJBeVYXg,3.316e-06,FAIL,"Migrated (PumpSwap/Raydium): trades on 'pumpfun'; Market cap in range: $3,317 (need $100,000 to $5,000,000); Liquidity: unknown (need at least $30,000); 24h transactions: 42 trades (need 500)",no,main=failed main's checks; A=not considered (failed main's checks); B=not considered (failed main's checks); C=not considered (failed main's checks),,pumpfun,183.9586204,3316.67,,0,0,0,1,23,19,0,35.16,1110.08,,-1.94,6.75,,,,,,,,,,,,,,,,,,,,,,,,,,
2026-10-11 02:04:11,main (1 min),2WNiZqRefcndEA9c1T6A1bdie31pbBGdFQpyR52h9TWr,BUNKER,bunker.markets,3UGeVuMzWAjsXnHfZnqEFBCviZczxXBGEVtDsZCF5aqu,1.103e-05,FAIL,"Market cap in range: $10,479 (need $100,000 to $5,000,000); Liquidity: $7,789 (need at least $30,000); More buys than sells: 559 buys vs 587 sells",no,main=failed main's checks; A=not considered (failed main's checks); B=not considered (failed main's checks); C=not considered (failed main's checks),,pumpswap,3849.55862,10479,7788.99,0,0,0,4,559,587,0,25.99,44039.13,,-2.05,-80.46,,,,,,,,,,,,,,,,,,,,,,,,,,
2026-10-11 02:04:11,main (1 min),9H8iVVQycrmhMRQTFie6ZrdUgid8iye7Z78pJrn8pump,SOLBRO,SOLBRO,n7aqnRJgAwvqGqTrRsZdU6tg8v6eF57CpA6GnaaQTYb,4.639e-06,FAIL,"Migrated (PumpSwap/Raydium): trades on 'pumpfun'; Market cap in range: $4,640 (need $100,000 to $5,000,000); Liquidity: unknown (need at least $30,000); 24h transactions: 167 trades (need 500)",no,main=failed main's checks; A=not considered (failed main's checks); B=not considered (failed main's checks); C=not considered (failed main's checks),,pumpfun,412.7419537,4639.92,,0,0,0,0,138,29,0,0,2417.52,,,44.23,,,,,,,,,,,,,,,,,,,,,,,,,,
2026-10-11 02:04:11,main (1 min),FGhARrWi8KxJXhpQcF99Jf9GHaxoocYSkAZjqCAqpump,OnlyCats,OnlyCats,2jXnitKumFVjAwfCNKTSHBjHSzjp6TfMHvaixp74k3R6,2.281e-06,FAIL,"Market cap in range: $2,236 (need $100,000 to $5,000,000); Liquidity: $2,475 (need at least $30,000)",no,main=failed main's checks; A=not considered (failed main's checks); B=not considered (failed main's checks); C=not considered (failed main's checks),,pumpswap,251.9752871,2236,2474.67,0,0,1,2,18457,11394,0,2.39,800684.06,,0.46,-98.38,,,,,,,,,,,,,,,,,,,,,,,,,,
2026-10-11 02:04:11,main (1 min),CgU6mugt2HXkjaunbaYrauJRRW9kSKbQXcBRzT7Vpump,CYBERINU,CyberInu,79wYzs7WwqrmYKUEuHxVerUx6zCFKH6LkiWx3CxYo6XE,2.451e-06,FAIL,"Market cap in range: $2,413 (need $100,000 to $5,000,000); Liquidity: $2,578 (need at least $30,000)",no,main=failed main's checks; A=not considered (failed main's checks); B=not considered (failed main's checks); C=not considered (failed main's checks),,pumpswap,281.325287,2413,2578.17,0,0,0,2,19374,15846,0,0.68,986442.27,,-0.99,-98.14,,,,,,,,,,,,,,,,,,,,,,,,,,
2026-10-11 02:04:11,main (1 min),GuDE7C5whS5S9ucHw59paTs3SaBsuCmF3MxSVoTmpump,MAYA,Maya The Samoyed,BuYLy7145v1WCSDePNAPn5BAVA8eKTn3Q4SZF7LawmHb,2.243e-06,FAIL,"Market cap in range: $2,193 (need $100,000 to $5,000,000); Liquidity: $2,324 (need at least $30,000)",no,main=failed main's checks; A=not considered (failed main's checks); B=not considered (failed main's checks); C=not considered (failed main's checks),,pumpswap,302.1752871,2193,2324.18,0,0,0,1,8168,5130,0,0,339716.26,,-0.97,-98.41,,,,,,,,,,,,,,,,,,,,,,,,,,
2026-10-11 02:04:11,main (1 min),6V9cyvwHJXjkteUzdjNmpd6V7XpeKTpCXnz123X4hgy8,TRUMP,Official Trump Coin,8GSB3CVAZo66pAunKudj2YqiF7WQiD52qzXpJVA3YDPY,2.606e-05,FAIL,"Migrated (PumpSwap/Raydium): trades on 'pumpfun'; Market cap in range: $26,069 (need $100,000 to $5,000,000); Liquidity: unknown (need at least $30,000); Not up >300% in 24h: +605% in 24h",no,main=failed main's checks; A=not considered (failed main's checks); B=not considered (failed main's checks); C=not considered (failed main's checks),,pumpfun,342.4419537,26069.45,,0,0,6,2,557,305,0,85.42,40647.87,,-1.24,605,,,,,,,,,,,,,,,,,,,,,,,,,,
2026-10-11 02:04:11,main (1 min),F5E2GvZeYvX57EZU5WDBXEhAta5hQBrPipwuQRkjpump,CAMPLOOKS,Camp Looksmax,Be6BncraJxBrVzv31XneajJf9Nsam8EzFmAEh518j1ph,5.354e-05,FAIL,"Market cap in range: $51,334 (need $100,000 to $5,000,000); Liquidity: $18,963 (need at least $30,000); 24h transactions: 60 trades (need 500)",no,main=failed main's checks; A=not considered (failed main's checks); B=not considered (failed main's checks); C=not considered (failed main's checks),,pumpswap,995.9752871,51334,18962.64,0,0,1,0,37,23,0,153.37,4100.44,,-15.06,15.92,,,,,,,,,,,,,,,,,,,,,,,,,,
2026-10-11 02:04:11,main (1 min),J1L4kUDSq2pNFyM2uPc7KcdWnu527cNZBSoJvePHpump,PHILJEAN,Phil Jean,5RHVuGeQLNmJ5jCK5Y3TtB8SZZXkMyHX6NjoFTyWGhWv,7.299e-05,FAIL,"Market cap in range: $70,181 (need $100,000 to $5,000,000); Liquidity: $22,122 (need at least $30,000)",no,main=failed main's checks; A=not considered (failed main's checks); B=not considered (failed main's checks); C=not considered (failed main's checks),,pumpswap,9498.60862,70181,22122.37,1,0,18,14,401,366,41.69,1512.88,47005.9,-0.53,-9.09,76.34,,,,,,,,,,,,,,,,,,,,,,,,,,
2026-10-11 02:04:11,main (1 min),E6vtwCUtcNJdQEPGY8vWKahtu2sfwxQ4j68pUKm7pump,EVERYTHING,Tokenize Everything,FcfEJ9uJFnfcSiaZgDueseCmj2np6MYxdm5h2JpFZBDc,0.00654,FAIL,"Market cap in range: $6,537,601 (need $100,000 to $5,000,000)",no,main=failed main's checks; A=not considered (failed main's checks); B=not considered (failed main's checks); C=not considered (failed main's checks),,pumpswap,5461.475287,6537601,244506.09,0,0,1,16,535,397,0,2080.82,232758.02,,3.94,3.9,,,,,,,,,,,,,,,,,,,,,,,,,,
2026-10-11 02:04:11,main (1 min),6wGj1U1gDpfcfyBWCFuZdzpHPP9g49ohEDrGWw6epump,Nala,Nala Cat,By5mqsLfMmBqQ2PQuMXah2Vhw4wXi94k24B9iT4YNSLY,6.186e-05,FAIL,"Market cap in range: $57,855 (need $100,000 to $5,000,000); Liquidity: $20,093 (need at least $30,000)",no,main=failed main's checks; A=not considered (failed main's checks); B=not considered (failed main's checks); C=not considered (failed main's checks),,pumpswap,1668.491954,57855,20093.16,5,0,34,21,446,407,542.32,2531.85,60068.39,11.98,13.18,22.86,,,,,,,,,,,,,,,,,,,,,,,,,,
2026-10-11 02:04:11,main (1 min),7HE2WmPoYE7uaA7DKh25N5cUwEcUoiyjwZU9ZeaQpump,pup,pup,TkDnwe4TZETkX4gUzPj6k35dE9ryvuJVeBrhiqECxvn,7.645e-06,FAIL,"Market cap in range: $7,453 (need $100,000 to $5,000,000); Liquidity: $5,995 (need at least $30,000); 24h transactions: 39 trades (need 500)",no,main=failed main's checks; A=not considered (failed main's checks); B=not considered (failed main's checks); C=not considered (failed main's checks),,pumpswap,8860.691954,7453,5995,0,0,0,0,21,18,0,0,1138.07,,,-1.04,,,,,,,,,,,,,,,,,,,,,,,,,,
2026-10-11 02:04:11,main (1 min),8DAkjpoFytMqAFY4m2vTEUo6sVT65ZtMZSgNFB1Ppump,KILOS,PEPE ESCOBAR KILOS,29kWVzHvEjYYVW5Y4eU3be1pB23QqZTGZqHdjhjfjKqw,5.894e-05,FAIL,"Market cap in range: $40,364 (need $100,000 to $5,000,000); Liquidity: $22,746 (need at least $30,000)",no,main=failed main's checks; A=not considered (failed main's checks); B=not considered (failed main's checks); C=not considered (failed main's checks),,pumpswap,204.9752871,40364,22745.51,5,6,45,29,427,391,277.75,1654.67,26136.08,-2.73,-3.16,31.01,,,,,,,,,,,,,,,,,,,,,,,,,,
2026-10-11 02:04:11,main (1 min),9LAHK5YvCqQCzX5CBw6xF5yFVUzXqoAHWtoofqk2pump,QT,Quantum Tiger,FkkNXVYbRt22BQEf9mbmSwiW35oiG5ion2QmnAsfvRAt,0.001798,FAIL,Not up >300% in 24h: +1317% in 24h,no,main=failed main's checks; A=not considered (failed main's checks); B=not considered (failed main's checks); C=not considered (failed main's checks),,pumpswap,461.5419537,1777526,120418.01,90,46,1058,613,12292,6176,14474.75,134069.22,1187142.83,7.77,83.39,1317,,,,,,,,,,,,,,,,,,,,,,,,,,
2026-10-11 02:04:11,main (1 min),7XRK5AVHp1rHtM9Gqy4L46aiF3PC7cpQeckR1Ccopump,CHSNT,ChosenTides.com,89nmms13bNUe15b1EAmQtygJHVMNiPrwc4PrTxXNxkXA,5.359e-06,FAIL,"Migrated (PumpSwap/Raydium): trades on 'pumpfun'; Market cap in range: $5,360 (need $100,000 to $5,000,000); Liquidity: unknown (need at least $30,000); 24h transactions: 172 trades (need 500)",no,main=failed main's checks; A=not considered (failed main's checks); B=not considered (failed main's checks); C=not considered (failed main's checks),,pumpfun,688.6919537,5359.86,,0,0,0,0,90,82,0,0,7656.77,,,35.66,,,,,,,,,,,,,,,,,,,,,,,,,,
2026-10-11 02:04:11,main (1 min),B8BZzBrWvQXP7PyDdyjJunSDucEdiZSsYiWjHef9pump,BONFIRE,BONFIRE Second Life,AYDgtYkZe7yXE7uhNUxPxQRxjjhpgRh6Gh1zqU9Wabwj,6e-06,FAIL,"Migrated (PumpSwap/Raydium): trades on 'pumpfun'; Market cap in range: $6,001 (need $100,000 to $5,000,000); Liquidity: unknown (need at least $30,000); 24h transactions: 162 trades (need 500)",no,main=failed main's checks; A=not considered (failed main's checks); B=not considered (failed main's checks); C=not considered (failed main's checks),,pumpfun,509.5919537,6000.68,,0,0,0,0,94,68,0,0,5406.13,,,67.24,,,,,,,,,,,,,,,,,,,,,,,,,,
2026-10-11 02:04:11,main (1 min),DtcicPCKTKeAh7TDEzTym3hXeoHAoMiBdYJhMYxZpump,CBUCKS,Cartoon Money,B4Cp45PGifVM5FAXfh6AeV8QZ3eUNQnqGBw7KuC7MHnB,5.982e-05,FAIL,"Market cap in range: $56,431 (need $100,000 to $5,000,000); Liquidity: $22,133 (need at least $30,000); 24h transactions: 253 trades (need 500)",no,main=failed main's checks; A=not considered (failed main's checks); B=not considered (failed main's checks); C=not considered (failed main's checks),,pumpswap,6214.30862,56431,22132.59,0,0,1,2,136,117,0,70.24,10824.05,,0.19,51.52,,,,,,,,,,,,,,,,,,,,,,,,,,
2026-10-11 02:05:00,main (1 min),EPNJXC4UEqQ7oaGJ4W4dAds2uQ6SyRXn7xm7jvDYpump,WTIGER,The White Tiger,2JXTfA7Em5BVLhFJfvDWrgZEnDSwzjvuN6dr4gEe72EE,5.609e-06,FAIL,"Migrated (PumpSwap/Raydium): trades on 'pumpfun'; Market cap in range: $5,609 (need $100,000 to $5,000,000); Liquidity: unknown (need at least $30,000); 24h transactions: 92 trades (need 500)",no,main=failed main's checks; A=not considered (failed main's checks); B=not considered (failed main's checks); C=not considered (failed main's checks),,pumpfun,8.80002145,5609.43,,28,25,58,34,58,34,1962.46,3356.56,3356.56,8.31,46.66,46.66,,,,,,,,,,,,,,,,,,,,,,,,,,
2026-10-11 02:20:00,main (1 min),FDpgHrNokZvV4KjWUCeRgGf1knYDr5k2nb6VA4fapump,holdcat,holdcat,5q2akxUmyozctignw6HxYVmyxNZ1f883YPcKR1PcWn2g,7.841e-06,FAIL,"Migrated (PumpSwap/Raydium): trades on 'pumpfun'; Market cap in range: $7,842 (need $100,000 to $5,000,000); Liquidity: unknown (need at least $30,000); 24h transactions: 189 trades (need 500)",no,main=failed main's checks; A=not considered (failed main's checks); B=not considered (failed main's checks); C=not considered (failed main's checks),,pumpfun,11.83333598,7841.53,,18,19,100,89,100,89,1630.56,10819.31,10819.31,23.73,119,119,,,,,,,,,,,,,,,,,,,,,,,,,,
2026-10-11 02:20:00,main (1 min),82NJ2DdauRQqcKVJDgXQiECeUBnwup8TJB7Rw7uhpump,QUBITS,Qubits,J1UYmRodvnTKdmeGrjz1FiiNVh3UvduPmbfxZv3yW8jY,9.833e-06,FAIL,"Migrated (PumpSwap/Raydium): trades on 'pumpfun'; Market cap in range: $9,833 (need $100,000 to $5,000,000); Liquidity: unknown (need at least $30,000); 24h transactions: 393 trades (need 500)",no,main=failed main's checks; A=not considered (failed main's checks); B=not considered (failed main's checks); C=not considered (failed main's checks),,pumpfun,7.866669317,9833.3,,200,147,228,165,228,165,9976.64,12650.81,12650.81,20.04,200,200,,,,,,,,,,,,,,,,,,,,,,,,,,
2026-10-11 02:20:00,main (1 min),7gtJnsU6F7zuGgKyRy39rH2YAdM7NXtySrmFMuEpump,CAP,Call And Print,23iJKDrxsYdiCZTWMfMpBxXrrfUATk5jHoGRBUDtuXz8,2.659e-05,FAIL,"Market cap in range: $26,596 (need $100,000 to $5,000,000); Liquidity: $12,518 (need at least $30,000); 24h transactions: 199 trades (need 500)",no,main=failed main's checks; A=not considered (failed main's checks); B=not considered (failed main's checks); C=not considered (failed main's checks),,pumpswap,5.383335983,26596,12517.63,97,79,113,86,113,86,13980.94,15384.75,15384.75,-34.19,-37.09,-37.09,,,,,,,,,,,,,,,,,,,,,,,,,,
2026-10-11 02:21:00,main (1 min),4Q99VTMjTyAWUARmw8o1f1aYyLMKBjVEGv1KZC6kpump,67cat,67cat,HsfAgTYD4KDuDz7kA9MNeC3vpftDST26n2GGTzjmLRZG,6.049e-06,FAIL,"Migrated (PumpSwap/Raydium): trades on 'pumpfun'; Market cap in range: $6,050 (need $100,000 to $5,000,000); Liquidity: unknown (need at least $30,000); 24h transactions: 305 trades (need 500)",no,main=failed main's checks; A=not considered (failed main's checks); B=not considered (failed main's checks); C=not considered (failed main's checks),,pumpfun,7.3500028,6049.81,,79,59,165,140,165,140,6752.13,15867.93,15867.93,-22.95,29.51,29.51,,,,,,,,,,,,,,,,,,,,,,,,,,
2026-10-11 02:26:00,main (1 min),GbTjUeNFrinHwMYWLGhPAEx9Nv3gYoYQyuGMwriNpump,IT,Insider Trading,9jcWgZRiw19MVzNYWHxnphKRMjS9G4JxDkTBUJBuy31W,1.264e-05,FAIL,"Migrated (PumpSwap/Raydium): trades on 'pumpfun'; Market cap in range: $12,644 (need $100,000 to $5,000,000); Liquidity: unknown (need at least $30,000); 24h transactions: 320 trades (need 500)",no,main=failed main's checks; A=not considered (failed main's checks); B=not considered (failed main's checks); C=not considered (failed main's checks),,pumpfun,7.316669433,12643.94,,136,117,164,156,164,156,12750.39,16227.67,16227.67,1.38,179,179,,,,,,,,,,,,,,,,,,,,,,,,,,
2026-10-11 02:26:00,main (1 min),9vu2nVok4HGcjtHgS8TJuKQV58nyJAtBEhNbgn4Npump,CAMELPUMP,Pump the Camel,2zEhc8fLsSFby4Re58yNpAbNKe2YztzQvxPSfTGngb9A,1.349e-05,FAIL,"Migrated (PumpSwap/Raydium): trades on 'pumpfun'; Market cap in range: $13,493 (need $100,000 to $5,000,000); Liquidity: unknown (need at least $30,000); 24h transactions: 239 trades (need 500); More buys than sells: 114 buys vs 125 sells",no,main=failed main's checks; A=not considered (failed main's checks); B=not considered (failed main's checks); C=not considered (failed main's checks),,pumpfun,442.2166694,13492.62,,13,5,15,13,114,125,1640.6,2605.55,16446.48,26.86,5.55,220,,,,,,,,,,,,,,,,,,,,,,,,,,
2026-10-11 02:29:00,main (1 min),3AxN57q7wz6juqZ9btV7QGPtPXCWcyWNX3ZLd3vUpump,PITCHINU,PITCHINU,AuEGCrUzkzMnj7XXJeix1QqiZkfPKRUhBb8u2BWapiZv,1.29e-05,FAIL,"Migrated (PumpSwap/Raydium): trades on 'pumpfun'; Market cap in range: $12,903 (need $100,000 to $5,000,000); Liquidity: unknown (need at least $30,000)",no,main=failed main's checks; A=not considered (failed main's checks); B=not considered (failed main's checks); C=not considered (failed main's checks),,pumpfun,19.550003,12903.26,,47,32,416,383,416,383,4200.96,34951.42,34951.42,78.5,218,218,,,,,,,,,,,,,,,,,,,,,,,,,,
2026-10-11 02:30:00,main (1 min),CNdkhAhMqGXZFNFAyMjmMPz8xNRHvAb6qocupHcupump,NALA,Nala The Cat,Axi1M1evSYoCrBGSDUCBtrfxbWuUtouNDM6GDg1r1n4D,0.0001346,PASS,,yes,"main=passed, not bought (stopped); B=skipped (organic score <60); C=skipped (organic score <60); A=not bought",,pumpswap,19.58333663,134641,30759.84,664,523,3244,1356,3244,1356,38537.49,182430.98,182430.98,26.56,37.79,37.79,pump_fun,2026-10-11 02:10:26,C9dTXDw83tTmFjTVKKVTGhmxcLeUFxfgBrmWmpH7SLJr,0.1792579797,0.5289048232,4.463720219,1801,0,0,,,0.3261111661,0,0,,,,,,,,,,,,
2026-10-11 02:31:00,main (1 min),9stanqrVUsQ2j7KxdEUXCN1EWes2eXi7hSQYJHRBpump,67cat,67cat,9Bum3CHUA5ppyRFT896Zr8n5ctwk4jr4b4seGYZN4KvR,,FAIL,"Migrated (PumpSwap/Raydium): trades on 'pumpfun'; Market cap in range: unknown (need $100,000 to $5,000,000); Liquidity: unknown (need at least $30,000); Not up >300% in 24h: unknown; 24h transactions: 29 trades (need 500)",no,main=failed main's checks; A=not considered (failed main's checks); B=not considered (failed main's checks); C=not considered (failed main's checks),,pumpfun,9.066687967,,,8,5,20,9,20,9,0,0,0,,,,,,,,,,,,,,,,,,,,,,,,,,,,,
2026-10-11 02:31:00,main (1 min),4EzBvKh2uXyceb9CGNPQ6BSvrWoejpm8Qz16ESXypump,BENNY,Beamin' Benny,2SeAHEjY8dD1cX4sLyBRevdagS6x2FfMww56Vgpgd17h,6.253e-06,FAIL,"Market cap in range: $6,254 (need $100,000 to $5,000,000); Liquidity: $5,035 (need at least $30,000); More buys than sells: 331 buys vs 355 sells",no,main=failed main's checks; A=not considered (failed main's checks); B=not considered (failed main's checks); C=not considered (failed main's checks),,pumpswap,32.2000213,6254,5035.12,15,5,331,355,331,355,1338.65,23870.42,23870.42,30.09,-86.38,-86.38,,,,,,,,,,,,,,,,,,,,,,,,,,
2026-10-11 02:34:00,main (1 min),9aZzSBmXwtjuwXDGRnuTJ4jxeXCAP6RnTek5rBVQpump,POPDOG,POPDOG,7nzqVS1dfssPLXwqrokCHFx8wCRHdUozphkn2FnZ7Bu1,1.292e-05,FAIL,"Migrated (PumpSwap/Raydium): trades on 'pumpfun'; Market cap in range: $12,922 (need $100,000 to $5,000,000); Liquidity: unknown (need at least $30,000)",no,main=failed main's checks; A=not considered (failed main's checks); B=not considered (failed main's checks); C=not considered (failed main's checks),,pumpfun,9.5833385,12922.09,,204,167,490,365,490,365,16308.54,38231.15,38231.15,24.54,183,183,,,,,,,,,,,,,,,,,,,,,,,,,,
2026-10-11 02:38:00,main (1 min),2Fad8taWxbaso6u1Cb91oV14p6m4PR52Gwc7TJRPpump,STRKT,Strk.trade,AsuiBk8BpqvknitK6gS2ZQQc5hYVWJg9tHDppr15VspP,2.027e-05,FAIL,"Migrated (PumpSwap/Raydium): trades on 'pumpfun'; Market cap in range: $20,275 (need $100,000 to $5,000,000); Liquidity: unknown (need at least $30,000); Not up >300% in 24h: +518% in 24h; 24h transactions: 404 trades (need 500)",no,main=failed main's checks; A=not considered (failed main's checks); B=not considered (failed main's checks); C=not considered (failed main's checks),,pumpfun,3.933337267,20274.53,,234,170,234,170,234,170,22917.72,22917.72,22917.72,518,518,518,,,,,,,,,,,,,,,,,,,,,,,,,,
2026-10-11 02:44:00,main (1 min),xreNrR25vwuvHgYUkj5MJdYJWXjBBgwyDzF2vUnpump,SII,Super Intelligence Inu,3DDE4KD6NYPivscaDVbf6mxYfzcxGXWSvVcPYJDRzcbN,5.496e-06,FAIL,"Migrated (PumpSwap/Raydium): trades on 'pumpfun'; Market cap in range: $5,496 (need $100,000 to $5,000,000); Liquidity: unknown (need at least $30,000); 24h transactions: 224 trades (need 500)",no,main=failed main's checks; A=not considered (failed main's checks); B=not considered (failed main's checks); C=not considered (failed main's checks),,pumpfun,154.2166706,5496.05,,13,4,53,68,120,104,1167.54,5057.2,8639.34,28.69,-11.04,75.78,,,,,,,,,,,,,,,,,,,,,,,,,,
2026-10-11 02:50:00,main (1 min),hashVyQKiy7nLVUQGnTBQ8mgnDtfnFoLvMTBS3Su6dG,ARKUM,arkum protocol,6s9PdSmUK4S4S7voTrZg7N9EXn74ALimEEG3MDeFvtv2,1.005e-05,FAIL,"Migrated (PumpSwap/Raydium): trades on 'pumpfun'; Market cap in range: $10,056 (need $100,000 to $5,000,000); Liquidity: unknown (need at least $30,000)",no,main=failed main's checks; A=not considered (failed main's checks); B=not considered (failed main's checks); C=not considered (failed main's checks),,pumpfun,5.950030683,10056.49,,319,220,348,237,348,237,25903.94,31343.6,31343.6,-2.61,188,188,,,,,,,,,,,,,,,,,,,,,,,,,,
2026-10-11 02:57:00,main (1 min),Fk6AzxSnqyACuaoZJMtZEKHWAymZcq64DM2v5gLHpump,QCASH,Quantum Cash,74YmE9CZzS1ZvNggB2R2TRcvG2tmEKfgVfs4xkqqcnbG,,FAIL,"Migrated (PumpSwap/Raydium): trades on 'pumpfun'; Market cap in range: unknown (need $100,000 to $5,000,000); Liquidity: unknown (need at least $30,000); Not up >300% in 24h: unknown",no,main=failed main's checks; A=not considered (failed main's checks); B=not considered (failed main's checks); C=not considered (failed main's checks),,pumpfun,104.6333373,,,19,7,100,69,393,304,0,0,0,,,,,,,,,,,,,,,,,,,,,,,,,,,,,
