time_utc,symbol,token_address,launchpad,pool_address,price_usd,pool_age_minutes,liquidity_usd,market_cap_usd,buys_1h,sells_1h,price_change_5m_pct,price_change_1h_pct,price_change_24h_pct,copycat_of,goplus_is_honeypot,goplus_is_mintable,goplus_hidden_owner,goplus_owner_change_balance,goplus_is_blacklisted,goplus_buy_tax,goplus_sell_tax,goplus_cannot_sell_all,goplus_is_open_source,goplus_owner_address,creator,creator_pct,top10_pct,holders,equal_group_size,equal_group_pct,holders_complete,pool_fee_pct,slippage_pct,gas_usd
2026-10-04 03:11:21,SIGH,0x6c44cc8102cc1469aa1a24254cdd135ec89d7f67,Pons,0x7ce33b798f58d2ff44fd9af18b43677a0c56be324c6b7d3e5bbbbdd8f2cfbaa6,9.532e-06,248.6,14644,9532,4,14,-0.38,-4.77,,,0,0,0,0,0,0,0,,1,,0x46e449a3f88d0e35b4520bc36e8dfda195c896b0,0,16.273,531,2,0.906,yes,1,2,0.05
2026-10-04 06:21:25,SOMALABS,0xe829f4699826c363d3bb3878a2cdb1f34d0d0456,Pons,0xba3ee2d6e437370268ea568a449bb583f1a5d24076b1adc489686c9a6ecb30d6,3.703e-05,35.3,18499.9,37037,766,640,-3.89,-33.64,-33.64,,0,0,0,0,0,,,,1,,0x7866fea98235b80e181c7909feadbfd1b3083ec1,0,26.749,330,4,0.893,yes,1,2,0.05
2026-10-04 06:51:27,PAYR,0x2c59cc1b4a40977200cc0c1e5358ed7228167b8e,Pools.trade,0xf210c2f18eebb37176b9c3f62b629c39648c9c57225cd0b0d0993dff94982d43,5.873e-05,36.7,33225.2,58736,2165,406,-12.24,209,209,,0,0,0,0,0,,,,1,,,,,,,,,0.25,2,0.05
2026-10-04 16:11:51,COSM,0x74ba1a163081dcbc6a9f9fa8eff7c817288ecb83,Pons,0x7ac87c005987c0e953dddad2b945c8fb4f737e7cc8ad5f16886efe7229d0a707,9.101e-05,197.1,29016.7,91017,1493,1009,-17.42,767,49.34,,0,0,0,0,0,,,,1,,0x444e805a90c54bd3e78a6544db4f0965cf61f3f3,0,16.314,713,5,0.876,yes,1,2,0.05
2026-10-04 17:01:00,SHOOKS,0x9de495b746417346e7ccfffe625de0e0189297ac,Pons,0x229e87643a9d59cd7c5b52bf98d646f00e104a1c5babb8227b743a11128cb558,8.947e-05,169.8,28804.9,84999,310,260,-1.95,-6.32,60.96,,0,0,0,0,0,,,,1,,0x1a21214b9d75b20abc1643dde10f967326804458,0,25.03,459,4,1.132,yes,1,2,0.05
2026-10-04 19:31:38,MONDO,0x68c18579a2f2bd462594acb506b0e161feeaf75a,Pons,0xe4fd8903aa2dcdd1e839ec4c3d49fbdd5532b79573ba4a4ea377f47758ac48cc,0.0001352,49,35410.2,128625,2049,1719,-7.02,129,129,,0,0,0,0,0,,,,1,,0x75ee81f2e46dd1a66db39fcb9b5ca43241f95f21,0.111,27.633,667,3,0.606,yes,1,2,0.05
2026-10-04 21:18:25,graphite-boom,0x67ffeef0508e328c43ef36e0cb198451c83bcee6,Pons,0xf8f9e2aed8476285c2ac7e74f2d9d18fdd86ff2ca6c6e60b5cc0e4922ea315ec,0.0001199,33.2,30909.2,119917,1778,1520,44.23,150,150,,0,0,0,0,0,0,0,,1,,0x91e758bea19c65a7fbfd10d78810d38456945908,0,25.636,389,3,1.188,yes,1,2,0.05
2026-10-04 22:31:51,SURPLUS,0xe1838f0dff03a9327dea87b2a2285850791297ec,Pons,0xf179149396b6c6bb79694ba0935ce0862ddd0bb844283f566993f1e6303c33d4,0.0001265,210.5,34413.4,122361,143,137,29.09,59.03,126,,0,0,0,0,0,,,,1,,0xe2006caf389d127b0bb2b3a72ee0f78f2972e6bb,0,29.197,383,3,1.798,yes,1,2,0.05
2026-10-04 22:31:51,n0n,0x82b2526cc11fef76c482b3b8161c493469eb3615,Pons,0xf97bbdb6d2ebcff66c07ab9c6c5d5414378f488c4627ab0a52052384ee9705a4,5.151e-05,42.2,21958.6,50112,279,209,4.15,-7.63,-7.63,,0,0,0,0,0,,,,1,,0xe2fc41632fbb9f85835cc056d006be58a22f7762,0.327,29.323,240,3,0.98,yes,1,2,0.05
2026-10-05 00:12:00,NARA,0x507b1f75c6a9a62bff4f65694ea858252b8cd292,Pons,0xa2aea9293c17f007e023238c2c505802738dcec41dc5e8bb4ce61c4e349b3913,8.092e-05,33.4,27493,80111,939,818,1.34,39.83,39.83,,0,0,0,0,0,,,,1,,0xfa8e2f39d0673a9a5d0764641cca826ad6c70125,0,26.759,439,3,1.575,yes,1,2,0.05
