time_utc,symbol,token_address,price_usd,buys_1h,sells_1h,insider_flagged,insider_networks,insider_linked_wallets,insider_top_holders,price_change_5m_pct,price_change_1h_pct,jupiter_organic_score,jupiter_organic_label,jupiter_organic_volume_1h_pct,jupiter_organic_buyers_1h_pct,jupiter_traders_1h,jupiter_buys_1h,jupiter_sells_1h,jupiter_buy_volume_1h_usd,jupiter_sell_volume_1h_usd,jupiter_traders_5m,jupiter_buys_5m,jupiter_sells_5m,jupiter_buy_volume_5m_usd,jupiter_sell_volume_5m_usd,fill_price_usd,buy_slippage_pct,price_source,price_time_utc,btc_close_usd,btc_200d_avg_usd,btc_vs_200d,btc_7d_change_pct,buys_5m,sells_5m,volume_5m_usd,volume_1h_usd
2026-10-07 14:00:00,REF,4g2ToCkuFSBdW8GTJWMgnL7hGH2b2G2WkxgmS87Rpump,0.0001789,1943,1506,yes,4,17,0,-41.4,85.19,66.06,medium,4.51,3.55,,,,,,,,,,,,,,,,,,,,,,
2026-10-07 17:07:00,ART,DEQKHY5YVPFiwcVhoUUE5gnkWj66LVPoPgLHAswqpump,0.0001272,1034,950,yes,3,24,0,8.39,-34.52,73.3,medium,4.07,3.54,,,,,,,,,,,,,,,,,,,,,,
2026-10-07 17:32:00,PLAGUE,CscZaq5twomhUkvCY8Jdd1tge32L4Yj9FbkFFEZQpump,0.0007029,225,130,yes,2,9,0,-2.12,1.63,75.0,medium,7.29,4.82,,,,,,,,,,,,,,,,,,,,,,
2026-10-07 19:53:00,LMAO!,H74CYmXgMkYHYuSRsZt6RJb4NYp2u72Vw8BS5huApump,0.002392,3106,2256,yes,1,3072,0,-2.99,9.4,61.28,medium,2.92,2.04,,,,,,,,,,,,,,,,,,,,,,
2026-10-08 00:23:00,404,D2GbC5MyuR9H5RLg3JZJJygHg8AdnetjtfaFvv3zpump,0.0001508,2363,1651,yes,1,4,0,23.36,-17.3,65.86,medium,3.81,3.3,,,,,,,,,,,,,,,,,,,,,,
2026-10-08 07:28:00,GIF,DZaQRdmPHNaqNsMVqRU8P4q5f2mErab4GipPghowFvaz,0.0001397,149,136,yes,4,18,0,7.35,53.68,63.49,medium,8.05,3.15,,,,,,,,,,,,,,,,,,,,,,
2026-10-08 11:29:00,ECSTASY,F6EDRhRzXGmkBabhSHdAnqx26XLhG6NCa83wwuqFpump,0.0001184,435,237,yes,6,350,0,14.16,23.49,62.26,medium,12.62,1.19,,,,,,,,,,,,,,,,,,,,,,
2026-10-08 14:07:00,OMARCHY,DRDEKFoEqf4y5C6z3FEPpsNrmDRSqNajvhPgs8KHKbsz,0.0001309,8945,6536,yes,2,8,0,120,21.09,64.65,medium,3.54,1.83,,,,,,,,,,,,,,,,,,,,,,
2026-10-08 18:30:00,tardigrade,CGhvhYKn9zkVJqRFtkVJrs74pejj3vupqA5LTJLJff5K,0.0001576,3521,2786,yes,2,21,0,-41.08,7.94,61.5,medium,4.34,1.92,,,,,,,,,,,,,,,,,,,,,,
2026-10-08 22:47:00,X,5XHR1a82F8YRKuNzbdg1S2fwRgGmHG4Ly1JCJDyPpump,0.0001773,9952,8369,yes,1,4,0,-22.74,-68.53,70.01,medium,1.84,1.58,,,,,,,,,,,,,,,,,,,,,,
2026-10-09 01:29:00,Animal,Y9ccqrALa5Yr3Bxzv8NQe37KP1Yy9uTCSJuap4Cpump,0.0001704,926,746,no,0,0,0,-17.94,-48.09,65.42,medium,2.51,2.82,497.0,1361.0,1240.0,68228.91,77440.27,89.0,125.0,79.0,5500.63,7984.76,0.000172956,1.5,DexScreener,2026-10-09 01:29:00,81685.89,71790.42,above,-3.72,98,61,11247.87,99999.88
2026-10-09 12:18:00,holyshit,HoLyRoDEQvK5zPsGpcz3BbCWhceTGhWAGnVifSoUShit,0.0001281,645,422,no,0,0,0,66.83,48.56,60.88,medium,8.63,4.27,422.0,744.0,480.0,32583.61,29543.73,115.0,125.0,66.0,7438.11,3423.09,0.0001300215,1.5,DexScreener,2026-10-09 12:18:00,81685.89,71790.42,above,-3.72,100,53,8441.13,54831.39
