time_utc,variant,symbol,token_address,price_usd,price_sol,seconds_after_creation,seconds_after_signal,rise_pct,window_minutes,buys,sells,unique_buyers,net_sol,top_wallet_buy_pct,curve_progress_pct,jupiter_organic_score,jupiter_organic_label,jupiter_organic_volume_1h_pct,jupiter_organic_buyers_1h_pct,jupiter_checked_seconds_after_signal
2026-10-04 09:50:15,30pct-2min,PUMPKINJAK,6cwgCsShSoVidaTVZaiGanJ92wV6ggXaWJteh1topump,3.526360623e-06,2.906660586e-08,70.7,6.8,135.6,2,46,13,44,16.211,22.7,2.6,0.0,low,,,0.4
2026-10-04 09:50:54,30pct-2min,NEOVISION,3qrJ5XgcAynNe1AzSChHze1QjibbszNWJ6BWFFpfVJbb,8.998022507e-06,7.416767645e-08,65.9,5.4,110.4,2,68,32,64,14.23,12.1,52.23,0.0,low,,,0.3
2026-10-04 09:53:34,30pct-2min,Rogue,2pRF8Fcn6nsKTJGDozCk2tfXFHk9L78DCfmg3tgw8UMR,8.088360393e-06,6.664217181e-08,69.3,7.7,146.6,2,81,49,71,18.115,6.4,47.66,0.0,low,2.34,,1.0
2026-10-04 09:55:18,30pct-2min,VRDT,8SmhJurXS5sBVVdxYUNkgXEA656kX6uTmdf4DSyYpump,6.985754709e-06,5.755750769e-08,66.0,5.2,86,2,30,7,30,12.259,22,41,0.0,low,,,0.9
2026-10-04 09:57:29,30pct-2min,DOPPL,8uaAJHJ9ZSXRdoDZnZ9e2YpPHJgzNtfxhn2pf85Epump,4.026084323e-06,3.31938686e-08,82.7,6.4,33.6,2,39,26,39,5.873,9.3,11.13,0.0,low,1.95,,0.6
2026-10-04 09:59:33,30pct-2min,NET,6juFQJMJ52i4ZsqGAeKMxD9sXHoEGxsNQYJUBGXUpump,7.359892802e-06,6.068012863e-08,68.4,5.7,56.6,2,64,34,59,8.775,6.5,43.46,0.0,low,1.51,,0.6
2026-10-04 10:01:09,30pct-2min,FUNI,G61m2tk6saUCSmt8Y32ossk9T6tVGv5gnjJ1UuQwwCzQ,6.989733874e-06,5.762827829e-08,70.4,10.0,96.2,2,43,25,40,13.124,9.2,41.06,0.0,low,1.45,,0.3
2026-10-04 10:05:30,30pct-2min,A+,28ZN2Y6yh1UPcCAxp6WcHWw3mfpcciM8ZQkkmpixpump,5.364773082e-06,4.423825416e-08,91.5,5.5,51.3,2,16,2,15,7.75,28.8,27.74,0.0,low,,,1.1
2026-10-04 10:08:20,30pct-2min,PET,5HuN9f7u5CLZDhTTxpNBf9HBEi8SU5QHGMsNXgN245eu,1.265599488e-05,1.042933241e-07,65.6,5.2,250.9,2,139,76,119,28.026,5.6,65.24,0.0,low,3.54,,0.2
2026-10-04 10:10:44,30pct-2min,POKECANDY,X2JkFTYPKw7wbMZgddd9PbA1i5CgpVu1buVSihqpump,4.311066617e-06,3.552588889e-08,68.3,7.6,46.5,2,46,29,43,7.665,11.7,15.27,0.0,low,0.06,,0.5
2026-10-04 10:50:32,30pct-2min,Xcash,A1FjEfvA3kHiHyS65ySjEnXrsL8wVtpmwMEdCZbipump,4.984936092e-06,4.108915341e-08,66.4,5.9,37.7,2,31,17,30,6.92,13.2,23.69,0.0,low,,,0.4
2026-10-04 10:51:44,30pct-2min,DOFT,99m5ofGzcMemoPM4F7dudDvoHRy4YtYHiK2EHTsRpump,5.11788962e-06,4.218504468e-08,68.3,5.0,49.5,2,33,15,32,6.688,20.3,25.15,0.0,low,,,0.3
2026-10-04 10:51:51,30pct-2min,ADEV,sFTuXYHw5JEmGa4AQV8JQXvW7yeWBkLB62hRrY8pump,5.342419341e-06,4.403576773e-08,71.0,6.8,56.3,2,30,8,26,9.067,19.4,27.49,0.0,low,,,0.7
2026-10-04 11:01:13,30pct-2min,LAUNCHBOX,5mtNWuDwsSAZpzgg65qzKY6onB86zRPRQc2wsPDopump,5.706869055e-06,4.703980428e-08,68.9,6.8,75.5,2,39,15,36,11.392,12.4,30.99,0.0,low,8.24,,0.4
2026-10-04 11:02:02,30pct-2min,ARENA,287w94VmkRi54fsvfBP97fwDbftNFAXkAD2hQsHjpump,2.259805581e-05,1.862528295e-07,65.7,5.6,439.7,2,265,152,221,42.045,5.5,82.87,0.0,low,0.17,,1.0
2026-10-04 11:03:09,30pct-2min,UPFILL,4oXWTpaGTQXBMdXcg1Q2b37bKtSynz2iTyfw9bVzpump,5.285563217e-06,4.356353101e-08,72.6,8.5,52.7,2,44,22,37,8.463,16.1,26.91,0.0,low,,,0.2
2026-10-04 11:05:51,30pct-2min,GORK,5pjx7oGqstrBrV3iLToCbyf8pBMVsYdkrGksB4KB2vTn,5.037978137e-06,4.152293857e-08,74.2,6.8,30.2,2,17,8,16,7.071,28.5,24.28,0.0,low,,,0.8
2026-10-04 11:06:45,30pct-2min,SNOOPY,EVNu1K7wDVaArVd4S4JEjU8G9XnBpddnL9TgvkmFR7V7,4.653014981e-06,3.835007814e-08,67.6,5.9,33.2,2,45,27,45,5.078,17.1,19.77,0.0,low,0.06,,0.6
2026-10-04 11:08:26,30pct-2min,AiHeist,C1Zo9mB6xqnrxBFRYapqHX8icYPgSkDJFCCzpeEhpump,8.857678959e-06,7.309522165e-08,104.7,5.1,145.8,2,92,42,75,18.125,9.9,51.62,0.0,low,,,-38.6
2026-10-04 11:08:31,30pct-2min,ACARD,6JfC618dxuhSEPbXV5HE2hvWb6Tp1QTKw6MEK599pump,6.668494447e-06,5.502966205e-08,68.1,6.2,79.5,2,46,13,44,11.859,15.4,38.86,0.0,low,,,0.3
2026-10-04 11:51:50,30pct-2min,TA,44Jb8yN4BWFfWGE35WhPdy49NVbUcYZ7mDS8pknepump,1.306083918e-05,1.07709378e-07,183.4,5.1,290.8,2,147,98,118,29.207,5.3,66.36,0.0,low,1.09,,0.5
2026-10-04 11:57:01,30pct-2min,KERB,2ZzjgNFgMafWwee14WA81PkH9UJfyWqmNMdHnfg4pump,5.52259755e-06,4.556974626e-08,67.1,5.3,48.6,2,24,3,24,6.989,28.3,29.32,0.0,low,,,0.3
2026-10-04 11:57:08,30pct-2min,486,9tVxVhKDmWLsG29CcfsAhLfgcZEkvemjB8TUDb4Wpump,7.753481019e-06,6.397789437e-08,66.0,5.3,173.4,2,133,56,97,19.839,10.8,45.85,0.0,low,10.82,,1.1
2026-10-04 12:01:53,30pct-2min,LUCIEN,6A6ELTFbi1YHxXn523PNpJiM3Y4vtZyjJtP2D893nScG,4.982019965e-06,4.108543596e-08,114.5,7.4,58.9,2,15,5,15,8.314,25.5,23.69,0.0,low,,,0.3
2026-10-04 12:04:03,30pct-2min,Sageyai,66UcYSz9mTGnDPvSwBUNB4YktdNtvPDBQdLg8pr2pump,5.012711106e-06,4.134535719e-08,98.5,5.1,30.3,2,31,16,30,5.924,16.8,24.04,0.0,low,,,0.6
2026-10-04 12:06:16,30pct-2min,Tek,7MeraAV5j97NEUXNWuJBD86mAVScLyDm7Wp5CMkhpump,6.805490371e-06,5.613238511e-08,70.7,8.7,73.9,2,60,28,57,12.169,10.3,39.81,0.0,low,,,0.7
2026-10-04 12:10:57,30pct-2min,SUGARCAT,BGv4wipQyriGvvbgsR8Hq5NBKJbRxmtUzgh3YqzujPrr,4.773972682e-06,3.933728314e-08,568.6,5.1,30.2,2,33,14,19,3.428,19.8,21.23,0.0,low,2.5,,0.9
2026-10-04 12:11:58,30pct-2min,3NODE,8d4RcSENvYugs2YSL2BH3fjms1SLZySJqhJmPiuAC9ni,6.907707165e-06,5.691914276e-08,66.1,6.0,107.3,2,52,16,43,13.189,14.9,40.47,0.0,low,,,1.0
2026-10-04 12:13:33,30pct-2min,PULSE,KrfdsBAnHcgJagrtwdyFfrELBHXUiNwBB5JJm2fpump,8.94983362e-06,7.351596533e-08,83.8,8.4,115.2,2,31,15,31,16.164,7.7,51.86,0.0,low,,,0.1
2026-10-04 12:17:46,30pct-2min,COPPERINU,8SMGjcWBhjMDEuB6cVx3Dv2mGvECdLTtpB3MaLVc4djv,6.400143452e-06,5.274119038e-08,346.7,7.0,38.9,2,20,11,20,6.766,16.9,36.79,0.0,low,0.09,,0.5
2026-10-04 12:56:18,30pct-2min,KU,EjM87U5Uh41HMTGKawg8kKvxo52prvM4TnaVV2Xsstf6,4.138689434e-06,3.408573081e-08,65.9,5.8,31.5,2,19,8,19,4.405,25,12.76,0.0,low,,,0.6
2026-10-04 12:57:12,30pct-2min,SIRIUS,59gtijerbhQeqpsg1smoQdTsH1etKPk5iWYRawA7nESp,4.637892775e-06,3.819710735e-08,246.1,6.5,35.2,2,16,9,16,4.999,13.2,19.54,0.0,low,,,0.7
2026-10-04 12:57:26,30pct-2min,NOCTIS,6p3mrmr1DMhHkeEd4tHWT8nKux8T59BbLNK2y9XFu7tY,4.121054972e-06,3.394049557e-08,68.0,5.4,57.5,2,25,12,20,7.8,14.8,12.5,0.0,low,5.98,,0.3
2026-10-04 13:02:06,30pct-2min,Build,AXxRj2uiUPq8ggiRPD8EdYzbj1vKQxuxtFDAQHPkpump,2.233656665e-05,1.840976399e-07,209.1,5.4,92.3,2,136,75,114,18.23,6.9,82.57,0.0,low,0.01,,-139.0
2026-10-04 13:05:33,30pct-2min,SENDFI,D6V5q6LrRmJr3916V7mmWKHA2Wkb33ZsNvZNcugbpump,1.92613355e-05,1.587123887e-07,66.5,5.3,434.8,2,191,33,185,40.515,4.3,78.51,0.0,low,13.09,,0.8
2026-10-04 13:05:35,30pct-2min,AIGC,HTEebenZYsZtHoiHe9yPdEizMScGnWNFQLu3kgJNBRto,4.768537416e-06,3.929249684e-08,121.6,29.4,34.3,2,20,6,18,4.78,16.4,21.17,0.0,low,,,0.2
2026-10-04 13:11:08,30pct-2min,RONALDO,7jiMadfAM4k1CjChGh5QF5W4siLoXhirG7M2XfygRaiQ,8.402820549e-06,6.92387982e-08,527.2,7.7,45.9,2,29,8,27,8.343,12.9,49.32,0.0,low,0.27,,1.0
2026-10-04 13:15:11,30pct-2min,sharingan,B4N3KQAMNMGfvoKRtj4KA3jsQDWEjW4ihQbP1N7rpump,5.31188999e-06,4.375527175e-08,142.1,13.5,30.1,2,16,4,12,5.528,14.7,27.14,0.0,low,,,1.1
2026-10-04 13:16:22,30pct-2min,Cranker,D1LesEFCp1hcSuJEPSf5owJAfoQiv7rq9MjLtHNFYCxx,1.348135734e-05,1.11049072e-07,67.5,5.3,286.3,2,195,105,129,28.968,8.5,67.41,0.0,low,0.24,,1.0
2026-10-04 13:20:07,30pct-2min,🎨,8efMV7eTBCsYRzdG1VNK4DosUfoZBhpoaXcoRbUqpump,1.184345178e-05,9.748499282e-08,65.9,5.4,362.4,2,185,99,170,35.119,7.1,62.84,0.0,low,0.26,,0.9
2026-10-04 13:58:52,30pct-2min,QERN,2wz1W8jJTkNnzt63sPb1ScZychXYMoUWBUvwmExJpump,8.017558244e-06,6.584722605e-08,65.9,5.9,115.3,2,44,23,44,14.602,13.2,47.13,0.0,low,,,0.5
2026-10-04 14:02:50,30pct-2min,GDPR,8A9CpPzVXxYubivQk6HEReds6BYJFprqrDELMfczgDnE,6.626971883e-06,5.442651021e-08,328.5,8.9,63.4,2,36,22,30,9.279,14.6,38.32,0.0,low,,,0.8
2026-10-04 14:09:21,30pct-2min,Liquititty,4f3ZqW1s2niySzmWkfpE3kFP3mXiAYvcmEGLHRKr1u4F,1.264212795e-05,1.03964868e-07,389.7,5.0,94,2,49,32,35,12.452,13.7,65.13,0.0,low,5.22,,1.0
2026-10-04 14:24:05,30pct-2min,ENTER,3k1afkKrVH3J8cwaze1v1owciRjmuPPJDsWQuPsBpump,3.693011986e-06,3.043022401e-08,555.7,8.3,59.9,2,23,6,23,8.961,25.7,5.61,0.0,low,,,0.6
2026-10-04 14:25:53,30pct-2min,ICONIC,7LG5uUV1BsLBEKngRcJeUtywk9sMdEdQEYqkGeVA6tUi,5.015492556e-06,4.132739416e-08,87.8,13.9,40.2,2,21,14,19,6.394,16.7,24.01,0.0,low,18.42,,0.2
2026-10-04 14:26:28,30pct-2min,m/acc,EvkYv7N7Bc5icVxZmeajGXaoDnJwVdgHqPfhLDKppump,6.725726284e-06,5.54196299e-08,66.1,5.7,65.9,2,56,28,45,8.645,22.9,39.2,0.0,low,,,0.9
2026-10-04 14:28:33,30pct-2min,PUMPKINU,FhHRF1BLHSJnSFp4WWLDfRedymhrNhjrndcaWxtm33Qg,3.766758893e-06,3.101234063e-08,70.6,10.2,36.1,2,39,16,38,5.11,12.5,6.83,0.0,low,,,0.4
2026-10-04 14:28:55,30pct-2min,BEE,HxNanfMAVcXW9XNCr3YJaKHpdJuZwQEkmx9yzEkepump,5.156992693e-06,4.245836237e-08,68.9,7.8,42,2,56,35,47,7.048,12.7,25.5,0.0,low,5.58,,0.3
2026-10-04 14:32:28,30pct-2min,QUESTPAD,DUMiF6rFfSbmtKtzW4fydsx1ci6ZAfuAHuLEwfj9pump,8.196135589e-06,6.748012176e-08,70.4,7.1,118.6,2,81,47,70,14.559,13.6,48.21,0.0,low,1.29,,0.6
2026-10-04 14:35:02,30pct-2min,Luxera,DJACcNp8KptvVJghYtftdSSWDmdw9wBXotnYMVtpump,6.053577659e-06,4.977861738e-08,66.9,5.2,54.9,2,21,14,20,8.561,9.1,33.9,0.0,low,,,0.3
2026-10-04 15:00:22,30pct-2min,CHORUS,8WgADYqGpfzVhYWt4mV8UReTQVddqcTzCcYGxa4Upump,1.550320171e-05,1.273468187e-07,595.2,8.6,31.3,2,58,38,43,4.677,27,71.9,0.0,low,0.56,,-524.9
2026-10-04 15:03:01,30pct-2min,DARKPOOL,dA5bPpaeXBZUL4U1C7Mk8US6mTyqYcDqaduHGnYpump,3.543904048e-06,2.911043246e-08,75.1,9.7,47.2,2,26,12,25,7.602,10.4,2.7,0.0,low,,,1.1
2026-10-04 15:09:34,30pct-2min,AIRDROP,EbALEnbR6vxuXWtUfCQZfW9KBHaswNCmf2ix7VL8pump,9.153810756e-06,7.516061053e-08,86.8,10.2,155.4,2,65,30,57,19.524,7.1,52.78,0.0,low,3.6,,-14.4
2026-10-04 15:24:12,30pct-2min,swordalon,6vw8FPxfPgtKH5MU7PAvUHYeLJcSAtYwVZHSFSQSpump,2.014336316e-05,1.652992217e-07,222.6,6.4,42.9,2,61,18,57,12.236,4.3,79.65,0.0,low,0.07,,0.7
2026-10-04 15:26:08,30pct-2min,FOMBY,9D87V9T31WLcKjCdjKaQXJm1v7W1DPFXUNFK7Bvdpump,1.035875119e-05,8.500534372e-08,78.0,9.7,203.5,2,101,40,86,23.258,11.4,57.7,0.0,low,,,0.4
2026-10-04 15:32:27,30pct-2min,MERTLISA,3oUiSeFnZxiRqzC6PvEtCCuahNNYagPdujGecR6Xpump,4.897194949e-06,4.021345827e-08,70.0,5.5,30.1,2,25,2,23,5.351,18.4,22.48,0.0,low,0.48,,0.3
2026-10-04 15:32:31,30pct-2min,APad,2f6L5nPYnbWZZNpEHNx3vBF5KRyi3J9EV8VvPGf1pump,1.143351972e-05,9.388667862e-08,67.6,5.7,278.2,2,180,117,142,29.303,3.7,61.46,0.0,low,0.1,,0.3
2026-10-04 15:33:01,30pct-2min,EFFECT,BN6Arb5AsQokqhTKoumcD9eMwfTTuto22M2pws2ypump,5.264920257e-06,4.323304531e-08,69.7,8.6,50.3,2,23,7,23,7.379,19.4,26.49,0.0,low,,,0.8
2026-10-04 15:34:24,30pct-2min,devcat,4mwTtMvkm7xFJTMvY4ftcZsExRmGu1AMbx4s3ktadevs,1.575484656e-05,1.295202776e-07,65.8,5.5,308.1,2,147,89,115,30.609,7.6,72.43,0.0,low,0.95,,0.4
2026-10-04 15:37:05,30pct-2min,FEPE,DUFS1RBvrSP2xna1Wjf5rZZrEucqz41yj9fohFocpump,1.294933179e-05,1.064561969e-07,173.7,5.5,60,2,56,16,49,12.122,5.3,65.96,0.0,low,0.77,,0.8
2026-10-04 16:37:37,30pct-2min,FRONK,2bEr6JNAtFKJZL3PbenCB35LEmUrxAqJMKf8rCvKfL2y,4.813036167e-06,3.957438059e-08,85.3,5.1,41.5,2,15,7,14,5.688,24,21.57,0.0,low,,,1.0
2026-10-04 16:41:58,30pct-2min,DONALD,Ect48hpUNd5YXJVd6UM5dGgmVPfpmgHvvnTUaZzcg33H,9.499254163e-06,7.806750627e-08,66.0,5.6,191.5,2,121,61,108,22.928,7.7,54.33,0.0,low,2.08,,0.3
2026-10-04 17:06:04,30pct-2min,925,13381UKhksTSaB5AN4tTTpQj9DUFG5sJBjwPd7jq2925,1.893088497e-05,1.554387468e-07,67.7,5.8,457.3,2,131,68,114,42.919,3.3,77.91,0.0,low,3.77,,1.1
2026-10-04 17:19:14,30pct-2min,QUANTS,AFfCpcLXwAH8WuhCuNsfPneiXEzpz4mKs4frmeKpump,9.39080445e-06,7.71952688e-08,155.5,5.1,63.3,2,27,8,26,9.445,14,53.87,0.0,low,2.13,,0.3
2026-10-04 17:19:15,30pct-2min,CLOAK,JDghGPqRiDxtyPJSNJVVCyYAHWW3ejHgf5KapauVpump,1.708144697e-05,1.404146894e-07,135.0,8.1,63.7,2,102,45,80,14.888,9.5,74.92,0.0,low,0.02,,0.4
2026-10-04 17:19:18,30pct-2min,XAgency,6aYHL9ZmXvLE4M21t2upq5aqMTRKoZWNkNhz5Usppump,2.087246408e-05,1.715780031e-07,221.4,5.4,50.4,2,74,49,62,7.981,14.6,80.68,0.0,low,0.27,,0.2
2026-10-04 17:34:11,30pct-2min,KOLONY,5mshATxwNFSHBcHcbyk3MkJwmFc7uJoXdedwKUFqpump,1.278070011e-05,1.050267081e-07,65.5,5.4,267.5,2,146,76,131,28.884,6.1,65.49,0.0,low,0.3,,1.1
2026-10-04 17:34:22,30pct-2min,Pre,CemtTUfPTzdoh9yYXGHL6zJJ6sCd9C7BXayBK7ibpump,1.251448062e-05,1.028390223e-07,139.5,5.6,84.3,2,90,60,65,10.702,8,64.75,0.0,low,0.29,,0.7
2026-10-04 17:39:41,30pct-2min,DANID,5g6tRQuHyAzmuHs3o5BSCboxNAAbcf4obrQjTtFyA49B,4.639339e-06,3.811484555e-08,95.2,17.4,31.1,2,20,10,16,4.368,14.1,19.42,0.0,low,,,0.3
2026-10-04 17:40:23,30pct-2min,Doraemon,BArG1snNkkRF1FRu8wM2fM22G355jWP5X6DBMRQB5B9c,3.48413652e-06,2.862419093e-08,78.7,15.6,51.5,2,29,14,29,7.045,10.4,1.58,0.0,low,6.47,,0.3
2026-10-04 17:41:06,30pct-2min,SPENDR,8wrdLdMt7r1BCCR4ggzzawr2JWkbjm88kypQSL1pump,8.008200194e-06,6.579198319e-08,66.2,6.0,106.7,2,24,12,23,14.553,7.3,47.1,0.0,low,,,0.8
2026-10-04 18:00:38,30pct-2min,WINNIE,sdVRkQQnczxGTvYyVVB2UzY6TpQeQvuuMZX8y7D1m3T,2.144136606e-05,1.764431045e-07,66.0,5.4,394.3,2,114,36,102,39.364,5.7,81.44,0.0,low,0.44,,0.7
2026-10-04 18:06:42,30pct-2min,ADLAUNCH,4XyXM6ZhZiNrCdJFyNr9hrJmqodidFanP2Q61CvhmwWa,1.286311254e-05,1.059651745e-07,434.4,5.6,39,2,181,117,137,5.062,5.2,65.8,0.0,low,1.14,,0.3
2026-10-04 18:06:44,30pct-2min,MOTO,12g7pm7YRMU6MnucioQH4PLTv3VWA9ivJzMvhKTr6khs,4.695158806e-06,3.867829974e-08,78.3,17.1,42.5,2,19,11,19,5.996,12.1,20.27,0.0,low,,,1.2
2026-10-04 18:06:52,30pct-2min,EGOD,4DCR5Z5cThvwhNAMJQsJkXbkTHerk4fsvssekwysUqZX,9.637766569e-06,7.939506194e-08,270.6,11.1,44.3,2,37,23,30,5.997,13.5,55.01,0.0,low,3.68,,0.9
2026-10-04 18:21:06,30pct-2min,GZ,2UEU53frsTchmxrkn7puo9sBG34T7wK9yBwswLHTpump,4.087200254e-06,3.36755397e-08,66.4,6.3,139.5,2,58,30,47,18.413,9.1,12.02,0.0,low,,,0.4
2026-10-04 18:37:29,30pct-2min,SANJEET,4W5ZLtGYq6973hEACFZ3EmYSauM5wnf6SKBWikhkAncS,1.326999694e-05,1.09236063e-07,157.2,5.3,33.6,2,26,10,24,8.26,14.6,66.85,0.0,low,,,0.9
2026-10-04 19:03:24,30pct-2min,Agento,Fk8SM9aEMcbdxt91KpcHNRGYdC1BcgfcAZ54YJqZoT6g,4.866070976e-06,4.004008044e-08,88.0,5.9,32.8,2,31,15,28,6.109,17.5,22.24,0.0,low,,,0.8
2026-10-04 19:03:45,30pct-2min,PUMPLING,8QSGZb2hc8zTM4GxsEUBfPhPUwZZDWWxUPdZPHvbpump,6.478855474e-06,5.331075022e-08,130.0,27.4,60.3,2,19,5,18,9.223,27.3,37.31,0.0,low,2.37,,0.9
2026-10-04 19:08:26,30pct-2min,BITRUSH,BrMW5EmuW85HxyqPQUytv2AtFytjdY9ARcQZE46mpump,1.096360327e-05,9.015379713e-08,67.9,6.6,229.3,2,166,89,152,27.099,6.5,59.95,0.0,low,0.05,,0.7
2026-10-04 19:10:26,30pct-2min,aurakidzzz,6RFuLYijoitAEo4ZhXZdYxBaG7Vtr8ZfczM8Twshpump,1.458368875e-05,1.199612466e-07,65.3,5.1,91.2,2,74,37,61,12.436,5.7,69.98,0.0,low,,,0.3
2026-10-04 19:15:47,30pct-2min,CHIMERA,3jwZCr9T6iCnEqtuSnxn6cT8DL48iJe4XZF2AdQQbnXE,4.032247526e-06,3.316265751e-08,70.4,9.1,41.8,2,16,8,15,6.054,28.7,11.07,0.0,low,,,0.6
2026-10-04 19:17:09,30pct-2min,CrawlDev,BzDesEmg9193jXLURG84Bz7D6iko7Xr6uPVn5hy6pump,1.654152375e-05,1.360434554e-07,67.3,5.1,184.6,2,204,94,168,26.446,4.4,73.96,0.0,low,0.01,,0.2
2026-10-04 19:19:09,30pct-2min,ORBLY,ij9HyxMmmvV8okjuhsfrgKGeP4canwK1kHAgfeNpump,6.711183856e-06,5.519519579e-08,69.2,5.9,78.9,2,111,74,99,10.791,4.4,39,0.0,low,2.65,,1.2
2026-10-04 19:21:07,30pct-2min,GUYS,6swL7rEC7ngNgiaJfggTxSzJ1Xq9Z5e2CcoYdiMvpump,8.137053285e-06,6.696060965e-08,73.0,9.1,90.9,2,64,29,55,13.909,6.8,47.87,0.0,low,0.09,,0.2
2026-10-04 19:25:39,30pct-2min,PUNKS,E7uso9RyBd42EvdPvBzb6wwhfkRxHbDRsJt4ZwDXB4nx,4.458047722e-06,3.671895002e-08,117.2,19.2,37.7,2,20,7,20,6.367,24.4,17.24,0.0,low,,,0.8
2026-10-04 19:37:41,30pct-2min,PaidGRAM,f69yZiQAj1G4iBMe2epXG9XhWJF6VE7ZuhySoKbpump,5.844671131e-06,4.808450128e-08,71.7,5.0,50.9,2,15,5,14,8.06,14.8,32.13,0.0,low,,,0.8
2026-10-04 20:05:22,30pct-2min,PURRSIVAL,HZScSUNcJ8gREn3PaV8sbzWRHkFF5ZyKZdiyazuGW8RE,6.028247277e-06,4.981075727e-08,65.0,5.0,88.3,2,25,6,24,11.174,15.7,33.93,0.0,low,,,1.0
2026-10-04 20:06:51,30pct-2min,GAMEPAD,26YhHQsoW9obziCxmPzTdgsdUMgniKT76RxhFoAypump,9.805266726e-06,8.101986173e-08,138.8,5.1,174.6,2,64,42,57,17.592,29,55.82,0.0,low,,,-3.3
2026-10-04 20:13:26,30pct-2min,URLPAD,7pXdsgfyVaDf1aYt8xzCvxBTq2kFEQCVmaJJzrYSpump,7.284853735e-06,6.031506652e-08,308.8,6.9,85.6,2,66,44,62,12.261,9.8,43.18,0.0,low,3.61,,0.9
2026-10-04 20:20:15,30pct-2min,MYRIAS,GrZ7KPLBsZqudV94dfNXP1u2vneX5aMfsUq9fM8Wpump,9.573277986e-06,7.919654191e-08,67.2,6.3,251.3,2,127,74,86,26.603,4.9,54.91,0.0,low,3.02,,0.4
2026-10-04 20:20:33,30pct-2min,WORKAGENT,8dorpz86phk1JexYBKsfxJV2oPXkFGEQd6Hyxdy4BMif,4.005131654e-06,3.310299739e-08,79.2,9.2,30.1,2,19,10,18,5.332,26.9,10.96,0.0,low,,,1.1
2026-10-04 20:28:37,30pct-2min,REEF,3VdqQbtPnf4EdNVEdU2oa6xjUWbKg5Jejw6tzjrjpump,5.980380455e-06,4.943688894e-08,67.6,6.2,70.6,2,26,8,24,9.921,12,33.55,0.0,low,,,1.0
2026-10-04 20:29:03,30pct-2min,STRAIT,8B5Dz59n37g4JbEnvZtrMQ8Qq44XeRqUzq7nUV7Hpump,1.035716513e-05,8.561763356e-08,66.1,6.0,196.2,2,236,140,193,22.906,2.9,57.98,0.0,low,4.08,,0.2
2026-10-04 20:41:37,30pct-2min,LOOK LIKE,8FgPACo4eM2NyPTFLNjZAXA48KBMxare9vZsrtkEpump,6.095717479e-06,5.042784149e-08,584.0,6.9,61.4,2,15,2,15,9.554,28.1,34.55,0.0,low,,,0.2
2026-10-04 20:44:50,30pct-2min,Profile,9w5zGMuVqmNpJbhPHZkPemK4WCtjzqhr5fKTZAKEpump,1.472395474e-05,1.218063761e-07,67.7,6.9,345.6,2,134,79,122,34.225,14.2,70.47,0.0,low,0.01,,0.4
2026-10-04 20:53:11,30pct-2min,VPAD,a4GepD3uwhPWy6rHzdtYqw6TTvSYEgvAsGRTrBspump,1.373475435e-05,1.132856677e-07,67.2,7.0,240.3,2,103,42,91,27.166,12.9,68.08,0.0,low,2.39,,1.0
2026-10-04 20:53:15,30pct-2min,FERRY,BXnT6SjjTDoN3auaASWz9LS9pqur22zgPrRgZww6pump,7.852619577e-06,6.476921459e-08,105.7,12.8,117.2,2,62,41,50,15.669,6.3,46.4,0.0,low,4.48,,0.8
2026-10-04 21:25:07,30pct-2min,FOMIES,5k3ABWnF4LHeZFMZPCFyqSg7huUbf9rS1Qrnb9tcVFYD,1.960442774e-05,1.612206229e-07,85.6,5.1,31.9,2,17,5,17,7.853,26.8,78.95,0.0,low,,,0.3
2026-10-04 21:33:28,30pct-2min,Meatware,62HKi6xdEiZwBJpxAQuxGbeG4iMadEzUWedwutEypump,1.478551205e-05,1.217415566e-07,276.9,5.9,46.2,2,181,121,138,10.683,7.3,70.46,0.0,low,6.41,,0.9
2026-10-04 21:36:58,30pct-2min,Routeur,7EojJhU3r2JUbWmLNNDSxDaavW7eD741JQLHPkrEpump,3.421851347e-06,2.816802229e-08,96.2,35.2,115.7,2,184,47,183,15.03,7.8,0.5,0.0,low,4.39,,0.5
2026-10-04 21:37:00,30pct-2min,inch,CzxZMK45aZZQN8VkzLAF1EYLwrz8hUZPz4mooJdUpump,5.419731911e-06,4.461419091e-08,76.7,6.0,37.3,2,57,38,56,6.496,10.9,28.19,0.0,low,3.3,,0.7
2026-10-04 21:40:01,30pct-2min,Founder,BeHZfd1Ai1ENRx287b5QPsNGnuQe6qamideVngLHpump,1.188344305e-05,9.782221803e-08,68.0,7.9,198.9,2,123,66,110,27.224,4.4,62.96,0.0,low,0.07,,0.8
2026-10-04 21:42:33,30pct-2min,LEFTPAD,GdgfGTKJPQadiZSWR6dPTS5QGanATyFaGuPNKS4Spump,1.123078414e-05,9.248010652e-08,169.0,6.2,52.6,2,93,62,66,9.375,8,60.9,0.0,low,1.06,,0.1
2026-10-04 21:44:19,30pct-2min,agentcoin,7kvYPwH6A8ipdiizwfPvWxWNve5ea4WrTF3rSSVcpump,4.774941994e-06,3.931935107e-08,73.9,8.1,35.7,2,21,4,21,6.091,13.3,21.21,0.0,low,10.47,,0.8
2026-10-04 21:45:41,30pct-2min,GrowtherSI,GKWrjbxeoQoPaayQFjjZJi9CbVSF5J947EYuq3ripump,6.970409524e-06,5.745000844e-08,66.5,5.5,115.6,2,55,30,48,14.056,8.1,40.91,0.0,low,,,0.4
2026-10-04 21:54:47,30pct-2min,pTek,DKhxWjLNVRW3s4jzwhzpUkME21LTuXV34EELkB2epump,5.2033929e-06,4.285096681e-08,72.7,5.7,37.3,2,72,36,57,6.473,8,26.01,0.0,low,4.07,,0.8
2026-10-04 22:07:44,30pct-2min,BUFFCAT,AbFfzm5PQAtrCcwqAcNbfq2gKJxF3jE5DkdJB5F6pump,7.341924284e-06,6.027357593e-08,67.6,6.0,94.4,2,100,52,87,12.961,5.8,43.15,0.0,low,4.51,,0.6
2026-10-04 22:31:59,30pct-2min,VIVI,3HqpPmimp2qyAmaXJgwhMF3D1bkk3i1zciu5Fpmbpump,1.031493427e-05,8.475706057e-08,71.3,7.7,93.2,2,96,46,78,15.132,11.1,57.59,0.0,low,6.59,,0.3
2026-10-04 22:33:40,30pct-2min,GITPAD,GUUNpHTGH2Wp5Fc9u2E5AgaUfqB5D3U8ym7LVa8Apump,1.159422779e-05,9.526892182e-08,118.2,8.4,241.8,2,128,74,113,25.802,9.2,62,0.0,low,2.7,,-46.8
2026-10-04 22:46:18,30pct-2min,MAGNIFIQUE,72JS7SWTtE1PdyhonTzyP8EoZhFiWCNworaDLSpREoZV,4.570199497e-06,3.74944581e-08,98.3,15.4,46.9,2,15,4,15,6.478,17.7,18.46,0.0,low,,,0.9
2026-10-04 22:50:04,30pct-2min,quirks,BCqhVZ4sKZCurW4H3gCmGdqU3vXkcT2DdTh8Ei2qpump,8.028616221e-06,6.586771861e-08,65.8,5.1,131.5,2,73,35,66,18.656,5.4,47.15,0.0,low,,,0.5
2026-10-04 22:56:46,30pct-2min,DOMINO,5AuZjeJ8CHQgqKnZJ8khThmtPjUWpHGMaNMNKNfdpump,4.735321462e-06,3.889061648e-08,67.2,7.1,37.5,2,26,11,26,7.608,22.8,20.58,0.0,low,2.92,,0.6
2026-10-04 22:57:15,30pct-2min,CLONE,3eQSKbRyeKfDkHXPLGBt4uP2fiBBL5tiyNd8hqDLpump,1.608364986e-05,1.320930507e-07,68.2,6.1,250.1,2,148,92,138,26.662,7.1,73.05,0.0,low,0.1,,0.4
2026-10-04 22:58:06,30pct-2min,LAMP,Gj7uy16YoULm9jTQTJQibaD1UCr9RbCBc8Yicbzbpump,4.769630307e-06,3.917239083e-08,349.4,8.3,36.8,2,16,2,14,6.016,26.6,20.99,0.0,low,,,0.3
2026-10-04 22:59:17,30pct-2min,SITEST,FJvUzKX4tRbhSa5QbdGhsVE9Jq8dUZYZsFgZQrXKJ7Na,5.298909896e-06,4.351929941e-08,66.1,5.1,113,2,74,49,65,15.227,6,26.85,0.0,low,,,0.7
2026-10-04 23:01:36,30pct-2min,AlterLife,7jXpuNLyxAfVWS5x4Za6bjqBwnrz22iR7aQCSeLLpump,1.028668145e-05,8.449713694e-08,95.5,6.6,192.5,2,87,58,78,22.83,5.6,57.47,0.0,low,2.92,,0.3
2026-10-04 23:12:46,30pct-2min,RICHJEAL,6KZRjm7JXfzZheXZXcYU7EuxmS7BX6tpfJRQsjpzpump,5.755583919e-06,4.727767307e-08,356.7,14.8,38.8,2,19,12,19,5.571,29.9,31.25,0.0,low,,,0.5
2026-10-04 23:34:17,30pct-2min,BOOGIE,Ej8NYEn7Sx6fLma5h3BmbEub8LghSM1g77WeHH5Mpump,1.194232867e-05,9.795217083e-08,65.1,5.0,249.1,2,125,49,96,27.901,4.6,63.01,0.0,low,2.71,,0.7
2026-10-04 23:46:10,30pct-2min,REPO,9dYk8ucwfgAS9oosS68KhJ791frGQ6renLwbvYYWkxNa,6.350456013e-06,5.221555676e-08,68.5,5.3,45.4,2,20,6,20,6.296,16.6,36.29,0.0,low,,,0.9
2026-10-04 23:46:13,30pct-2min,JEANYO,GhH62RubJVSDrAxSzVUZh443jDBHFGjnXKyxc9zXpump,9.198314039e-06,7.563159052e-08,65.4,5.2,165.1,2,131,73,113,19.331,5.4,53.03,0.0,low,0.18,,0.7
2026-10-04 23:52:31,30pct-2min,x17z,Fzcmvu5g3G7fMZpS9u3gqnG3PJvpj84YzQABSfnPpump,1.459787051e-05,1.200581505e-07,311.8,5.2,55.5,2,117,78,81,12.635,9.1,70,0.0,low,0.36,,1.0
2026-10-04 23:57:03,30pct-2min,RBX,3euNi6Ge4GrotgqUEEuk8ue4w4AfAtF81hJWkTrVpump,5.788162194e-06,4.761959847e-08,149.4,12.2,38.8,2,38,13,34,5.605,14.2,31.63,0.0,low,,,-45.0
2026-10-04 23:58:14,30pct-2min,PREDICT,FA9VaAMmoMaehFhyD3BZbW5zooWJxGzj8sTdrN1Bpump,6.785810004e-06,5.58273139e-08,350.6,6.1,39.4,2,23,8,22,6.955,25.5,39.55,0.0,low,,,0.1
2026-10-04 23:59:08,30pct-2min,AUTOSEND,G5REy1jVe4WjdiHhdrysTDPZzUL8McPYdVF6ovddpump,5.707146947e-06,4.69530806e-08,77.6,9.1,61.8,2,31,13,27,9.498,12.4,30.89,0.0,low,,,0.4
2026-10-05 00:03:55,30pct-2min,NAP,9GvNtqEFdMHhJ1ES59C1MAdZ942s3Z9KBsVNNx14pump,5.78296271e-06,4.763953135e-08,366.8,5.8,60.7,2,15,0,15,9.257,16.2,31.65,0.0,low,,,0.9
2026-10-05 00:05:54,30pct-2min,GEMINISI,2SgJiza1QJj2yqyqpbtyJJgBRRX1TvaMY4oP8B7bpump,5.137963725e-06,4.23260872e-08,95.5,14.3,32.8,2,39,21,36,5.655,15,25.33,0.0,low,0.08,,1.0
2026-10-05 00:18:22,30pct-2min,BLAST,BLASTRJEHzrxFUwDJZRhRXTexZdx2qF32qWzRv9nQhCg,1.356417056e-05,1.117404281e-07,317.5,5.1,33.2,2,63,1,25,7.657,19,67.62,0.0,low,1.28,,0.7
2026-10-05 00:36:54,30pct-2min,ZOOFY,iYX2UCeZMtdwCh5pg7bvhacjWJBoMdTGkUH2m5jpump,5.116273285e-06,4.230072993e-08,66.2,5.5,32.7,2,21,11,20,5.348,12.4,25.3,0.0,low,3.57,,0.1
2026-10-05 00:56:12,30pct-2min,AEVA,8bbcFwR3z3RGQVspGm2oRQzyJn2A8Q9daRBJUURxrKhb,5.467146946e-06,4.504157972e-08,290.4,5.8,60.8,2,31,11,31,8.877,9.9,28.7,0.0,low,2.43,,0.5
2026-10-05 00:57:05,30pct-2min,SCP,2e2Fwr8DTWsKevUYPWJhvdMxdMLHorqEZdrTtj2spump,5.344265601e-06,4.402921075e-08,68.4,5.8,57.4,2,89,59,74,8.633,5.8,27.48,0.0,low,0.44,,0.9
2026-10-05 01:02:15,30pct-2min,FUNKY,8kQyZWCFeTg1NXTEwmSBq6TLXQgEm81TnkpcU8ZrAjRP,4.441406601e-06,3.664829277e-08,75.6,14.6,44.4,2,22,12,21,7.487,28.1,17.12,0.0,low,,,0.3
2026-10-05 01:03:52,30pct-2min,BPAD,H8qC3Bdo45sMUqigQcKTJt1eSu74DSTpmYz1Zdp6pump,8.908029135e-06,7.350465496e-08,71.9,10.6,157.7,2,57,38,56,18.645,9.3,51.85,0.0,low,2.24,,0.6
2026-10-05 01:04:36,30pct-2min,vc18z,HyV26nKNjEDPZJxZ76vSfY22syxRRa8apcRa8BUrpump,1.005010397e-05,8.292849219e-08,66.3,5.7,119.4,2,77,40,65,16.782,9,56.74,0.0,low,0.38,,1.1
2026-10-05 01:12:01,30pct-2min,FBT,Ft4c4oKLZVWUU4nT6oRgKSNAydFVeCRTDZC8fZ56pump,1.304396378e-05,1.076501096e-07,65.4,5.1,210,2,215,103,160,24.773,3.8,66.34,0.0,low,1.63,,0.9
2026-10-05 01:16:29,30pct-2min,ANONGENT,ANoNPmSX99zfDm7H6EuFj46ZY6RfF597mTvy5XgBY2Td,2.1225731e-05,1.750287046e-07,104.3,7.4,153.6,2,44,7,32,42.464,28.5,81.22,0.0,low,,,0.8
2026-10-05 01:17:18,30pct-2min,boxbox,BPcYTMJ4CHd5qxFh4NFfLoBdvwNtV5mi5wNtwV38pump,7.309641319e-06,6.029067403e-08,66.5,6.3,109,2,47,30,42,14.371,11.6,43.16,0.0,low,,,0.8
2026-10-05 01:18:28,30pct-2min,PAIRPAD,4d6PrfzsuZAV7vRPJRY69tbdFz8Db3CYcJfu6BX1pump,1.019654889e-05,8.410218482e-08,123.0,5.5,176.9,2,225,142,180,20.181,6.6,57.29,0.0,low,1.58,,-56.1
2026-10-05 01:48:36,30pct-2min,MEMENTO,9bcGseM3qy5vQwR6Z6YWndzxwnP9jyHMRcN2CuH84aVh,6.040384336e-06,4.990815778e-08,70.0,8.5,82.5,2,92,53,63,11.729,13.2,34.03,0.0,low,,,0.5
2026-10-05 01:56:26,30pct-2min,LOCALER,CNbSP9iD1PyST7kqzpv6QSwj9owLZzXBVnxuMgnApump,9.527914669e-06,7.875611398e-08,121.3,5.2,177.4,2,220,147,159,20.432,2.4,54.68,0.0,low,0.23,,-54.1
2026-10-05 02:01:53,30pct-2min,EMPLOYIM,2144xRioEM8eEU3ek95M42A6vwKdVWZeboQUXdHLh925,5.661094416e-06,4.677585326e-08,71.4,10.2,52.4,2,30,20,28,8.501,10.4,30.69,0.0,low,,,0.6
2026-10-05 02:04:52,30pct-2min,DAVE,8zyu4c2Dmnd9nyQfBNFAfMUrwE3b53GqDCYqius5j9H8,4.921891716e-06,4.06331356e-08,187.6,5.0,45.2,2,15,2,15,7.056,27.8,23.07,0.0,low,,,0.2
2026-10-05 02:06:20,30pct-2min,GNODE,FLXwbREsM53YSTzEgnyaemaFJLK39b9vLnpnaYjYpump,8.191974774e-06,6.762961094e-08,66.4,5.1,135,2,125,77,113,16.867,17.4,48.3,0.0,low,0.1,,0.6
2026-10-05 02:09:16,30pct-2min,Factory,AH7znWqAMxp167a3BrVvJmbUG5Ztk5SsPC36vUeXpump,1.28928069e-05,1.061660647e-07,66.8,6.2,165,2,121,53,97,30.226,10,65.86,0.0,low,0.06,,0.2
2026-10-05 02:14:38,30pct-2min,FRIENDLY,755BQyUCedX5gS5fmaEMJcAeMGSBwQFK3tbCqHubMBgi,6.163090603e-06,5.075426668e-08,65.3,5.3,77.5,2,193,120,154,11.286,3.8,34.88,0.0,low,0.72,,0.7
2026-10-05 02:18:12,30pct-2min,z/,9kiyizZZCL2WztXpww6apSDjjAvXQoBXfoFugFoLpump,1.053665283e-05,8.66002534e-08,120.0,10.8,180.5,2,74,49,56,21.897,7.7,58.42,0.0,low,,,0.5
2026-10-05 02:19:36,30pct-2min,HUMANSPAD,FK5k1o8sKAT7CL6XWoqqsyoPhkzpiK35XRDH5Ty9pump,1.795313969e-05,1.475560096e-07,329.6,5.0,89.7,2,126,83,103,14.174,7.4,76.4,0.0,low,1.66,,-233.4
2026-10-05 02:21:08,30pct-2min,TAPINU,FFBZXjMFgxYaj3VuNK7eifcfCzdwRWDt6Droyt6qZJuw,4.522773813e-06,3.717246497e-08,68.2,7.4,36.1,2,17,6,17,5.004,26,17.96,0.0,low,9.16,,1.1
2026-10-05 02:53:27,30pct-2min,Memedraft,CewgsqVr5gfBE1bFhbCEtaTF2Cn54F8Xd8anWcqtpump,1.875343536e-05,1.547696242e-07,455.3,5.0,160.8,2,45,30,41,24.724,27.5,77.79,0.0,low,0.01,,-389.0
2026-10-05 02:56:33,30pct-2min,DIAL,6uuizfvHFhFFQ1kEjzQg3C3BzzA4QwXXqzfnL7nJg68,7.523754845e-06,6.209255464e-08,86.3,6.9,105.9,2,46,21,39,15.741,20,44.51,0.0,low,,,-18.0
