time_utc,symbol,token_address,price_usd,buys_1h,sells_1h,insider_flagged,insider_networks,insider_linked_wallets,insider_top_holders,price_change_5m_pct,price_change_1h_pct,jupiter_organic_score,jupiter_organic_label,jupiter_organic_volume_1h_pct,jupiter_organic_buyers_1h_pct
2026-10-05 09:44:12,swordcat,5tCju6YNxHq5zrA6tGndr6F7TK42mpUFmeE31cSFpump,0.002338,215,183,yes,4,26,0,1.08,-8.25,85.36,high,26.66,4.71
2026-10-05 09:44:12,SI,9aqmJjCnnMQv42TXLk921ceUkN35nea2QP969n1caqjj,0.001839,517,488,yes,8,310,0,-4.42,-0.15,85.87,high,9.42,5.72
2026-10-05 09:44:12,SIF,FgGwBhF9fpyTR25gzuzDsaf2STRdTqCV2GiL8ZYj3rYr,0.000184,94,71,yes,1,10,0,0.58,2.86,75.0,medium,0.22,7.14
2026-10-05 11:26:00,Spread,DFSUu3aM5VT6cGi9xBGkJSxpWdeVMD1kp4o9N1ipump,0.000116,4212,3035,yes,1,4,0,14.69,12.32,62.62,medium,4.01,2.84
2026-10-05 12:42:00,GENESIS,CSEd3Pi5WZL7w5vmwNjDVXv8poAqSv2Dn1as1erUpump,0.0001067,136,171,no,0,0,0,16.22,40.38,72.3,medium,3.33,3.09
2026-10-05 13:10:00,Sacabambaspis,DYSk618g74BeMEGcmHZizxWUJCR2MhGxpdfu6vsppump,0.0001324,8937,6747,no,0,0,0,4.19,47.41,66.69,medium,3.04,3.46
2026-10-05 13:12:00,DSI,4yZr4A3M9XCJCuCvbQLiqo3BtZ8EFQp7St7SdQ7iaZDM,0.0001266,2735,2193,yes,3,105,0,-20.77,12.17,64.1,medium,3.72,2.83
2026-10-05 13:18:00,TIT,Ar3QBegnCQr6ZFyN9h637ar9JCxZRvdboiR1QzMrpump,0.000126,2272,1770,no,0,0,0,-21.94,86.96,62.82,medium,3.07,3.3
2026-10-05 13:44:00,Stompy,9KAPRaT35wY9FF1NYhfKyLtt9sq3CgGtB6ChrMgVSTNK,0.0001856,299,329,yes,2,1495,0,-15.52,-34.01,75.0,medium,2.5,6.7
2026-10-05 13:53:00,jelly,CyDJMENR6Sbtwj4erhuARNa5cNbeK92GpNAGyXLVpump,0.0001817,9608,7503,yes,1,11,0,-54.86,-55.24,71.32,medium,4.23,3.49
2026-10-05 18:40:00,SWAP,GYFLuEAZMDdpUsTmyGdHstuXQC3JB9ZqtZbfktpppump,0.0003276,658,401,yes,3,357,0,-0.02,7.81,61.88,medium,4.65,0.5
2026-10-05 20:20:00,USEFUL,GDeKVeV3cs6UCTRDmHqZHugBmUbLLRW7hi9P91XXeLNT,0.0001083,988,752,yes,1,6,0,-15.98,99.18,62.6,medium,5.64,3.01
2026-10-05 21:40:00,sizeinu,FKLrrPTKbAaSMwDrJXe8rTc2CrvtuA1RyJNJmB1Vpump,0.0001422,1911,1466,no,0,0,0,-37.04,-61.09,66.11,medium,5.67,3.72
2026-10-05 23:14:00,ABU,6hTLdzZaaCjmqtn7RtaEMQsCbXT5Pg8q76tRViEGpump,0.0002545,1143,504,yes,1,4,0,-3.84,1.49,66.06,medium,8.18,5.44
2026-10-06 08:06:00,INCOGNITO,BuknMeQoreSUzXXZq8Nn973EkqrWhRzKU34KAhyrPpyb,0.0001087,81,51,yes,1,10,0,12.01,62.98,61.01,medium,6.76,3.23
2026-10-06 09:25:00,pippo,HMroT3TAEAoQuA8KuF8KzbKWRrbyrjECGo5FqgzRpump,0.0001219,4252,3139,no,0,0,0,28.89,64,60.35,medium,2.49,3.03
2026-10-06 11:25:00,GOMO,9XKzy4KahcZaGJPJtz1PtqGPB3CiseoBrx7TcQhEpump,0.0006492,72,63,yes,2,8,0,3.35,10.02,77.52,medium,17.49,7.96
2026-10-06 12:54:00,AC,HpkDyHK7avch8TS3raZ6mifBjZoUHRgvWwgzRQL1RXFR,0.0001185,144,111,yes,1,4,0,-8.31,-23.71,69.12,medium,0.45,1.26
2026-10-06 13:08:00,Frank,HbPDWSqu8hpVMX6gMjwMDGe5rVgicWo3Qh3Jaojypump,0.0002291,1224,921,yes,3,66,0,5.33,44.1,60.62,medium,1.53,1.6
2026-10-06 14:01:00,ANISOM,D8GnQAnA7i5cmpkgDUyhxx8SmnveypZBQRXh6qiapump,0.0002234,767,689,yes,1,4,0,-11.73,-45.62,62.48,medium,2.98,3.46
2026-10-06 15:26:00,iPAID,CNn1zv8GsPAQddUuYn6cm3fUMTWo61XANtUjSry4pump,0.0001364,1622,1120,yes,1,4,0,-11.65,95.66,61.78,medium,2.68,3.93
2026-10-06 17:52:00,AM,51zV2Kh2xaaUt1ALCawMFAk4HpFSzpdmLBfxRUwfpump,0.0001398,714,581,no,0,0,0,51.48,-10.43,69.23,medium,8.41,4.14
2026-10-06 18:04:00,GRAIN,FCN2KLyUGT9EddKf8MZYjPce8CWxUid7nWpAx9ograin,0.0001078,46,38,no,0,0,0,14.28,49.86,60.45,medium,1.61,5.41
2026-10-06 20:02:00,IRL,BZ8pkWUs4TjboT2xHRCwg3o6PK8xkvmNewvqMyyfpump,0.0002447,2248,2363,no,0,0,0,-3.86,1.09,64.75,medium,1.96,3.75
2026-10-06 20:36:00,SI276,HMYd9tosnUXuNHmq7pXmoePRVBLBBjA3JBfydq6upump,0.0001216,959,751,yes,3,266,0,13.07,34.41,61.5,medium,6.31,6.73
2026-10-06 22:17:00,SK,49gr2VBv3igYyXXVthoozw2bCsHhHaF3WJufgfQrpump,0.0001923,341,220,yes,4,27,0,-22.77,-17,64.46,medium,9.52,3.83
2026-10-06 22:33:00,MINER,2T6Wg3urxPQHaoGh4gqNHyYL6FAfyWA5BaH6Lo37pump,0.0001483,2157,1781,yes,3,13,0,-23.14,29.35,63.38,medium,3.64,4.57
