time_utc,source,kind,published_utc,title,url
2026-10-02 12:28:12,GlobeNewswire,press,2026-10-02 12:00:00,"Hyperion DeFi Commences Share Buybacks, Retires All Legacy Debt, and Commits to Further Capital Optimization",https://www.globenewswire.com/news-release/2026/10/02/3373766/0/en/hyperion-defi-commences-share-buybacks-retires-all-legacy-debt-and-commits-to-further-capital-optimization.html
2026-10-02 13:27:40,Business Wire,press,2026-10-02 13:01:00,Blackfuel se dévoile avec plus de 250 millions de dollars de revenus contractualisés pour construire un AI Token Grid mondial,http://www.businesswire.com/news/home/20260930745679/fr/?feedref=JjAwJuNHiystnCoBq_hl-bNgknBQakQ2FGsSkk8fjL_qqxld4PsaQmWyeqs626X7rCOi9QzgjCezTS3Nw_X6kJUrpSBm-Hav1w-UkdSlG3n46p_M3nSl_djQWeS2hVlELkaZDLiczsahzEklD3R10Q==
2026-10-02 15:23:16,Kraken blog,exchange,2026-10-02 15:21:18,WOJAK is available for trading!,https://blog.kraken.com/product/asset-listings/wojak-is-available-for-trading
2026-10-02 15:42:09,Kraken blog,exchange,2026-10-02 15:37:04,OUSD is available for trading!,https://blog.kraken.com/product/asset-listings/ousd-is-available-for-trading
2026-10-02 15:42:09,Kraken blog,exchange,2026-10-02 15:31:12,CT is available for trading!,https://blog.kraken.com/product/asset-listings/ct-is-available-for-trading
2026-10-02 15:58:37,Kraken blog,exchange,2026-10-02 15:42:33,DEBIT is available for trading!,https://blog.kraken.com/product/asset-listings/debit-is-available-for-trading
2026-10-05 00:11:58,PR Newswire crypto,press,2026-10-05 00:00:00,S&P Global Ratings launches Vault Risk Assessment for digital asset markets,https://www.prnewswire.com/news-releases/sp-global-ratings-launches-vault-risk-assessment-for-digital-asset-markets-302897714.html
2026-10-05 02:01:34,PR Newswire crypto,press,2026-10-05 02:00:00,Payward and Singapore Gulf Bank Partner to Bring 24/7 Settlement to Institutional Digital Asset Markets,https://www.prnewswire.com/news-releases/payward-and-singapore-gulf-bank-partner-to-bring-247-settlement-to-institutional-digital-asset-markets-302897759.html
2026-10-05 04:52:03,PR Newswire,press,2026-10-05 04:34:00,"Lotus Tech to Join WasabiCard's TOKEN2049 Singapore Side Event, Spotlighting Real-World Stablecoin Applications",https://www.prnewswire.com/news-releases/lotus-tech-to-join-wasabicards-token2049-singapore-side-event-spotlighting-real-world-stablecoin-applications-302898014.html
2026-10-05 05:11:57,GlobeNewswire,press,2026-10-05 05:00:00,CoinShares Survey: Digital Assets Now Held by a Majority of Affluent Investors in Seven Major Markets,https://www.globenewswire.com/news-release/2026/10/05/3374162/0/en/coinshares-survey-digital-assets-now-held-by-a-majority-of-affluent-investors-in-seven-major-markets.html
2026-10-05 07:21:56,PR Newswire,press,2026-10-05 07:10:00,Plume Accelerates Tokenization's Role in Global Finance with nBND Vault,https://www.prnewswire.com/news-releases/plume-accelerates-tokenizations-role-in-global-finance-with-nbnd-vault-302898132.html
2026-10-05 08:00:30,PR Newswire crypto,press,2026-10-05 08:00:00,Reap and Collinson International Enter Landmark Partnership to Bring Priority Pass Airport Experiences to the Stablecoin and Crypto Ecosystem,https://www.prnewswire.com/news-releases/reap-and-collinson-international-enter-landmark-partnership-to-bring-priority-pass-airport-experiences-to-the-stablecoin-and-crypto-ecosystem-302898198.html
2026-10-05 10:01:10,PR Newswire,press,2026-10-05 09:59:00,MEXC and Payward Signal Intent to Explore Broader Collaboration Ahead of TOKEN2049,https://www.prnewswire.com/news-releases/mexc-and-payward-signal-intent-to-explore-broader-collaboration-ahead-of-token2049-302898289.html
2026-10-05 12:41:12,PR Newswire crypto,press,2026-10-05 12:30:00,"Bitmine Immersion Technologies (BMNR) Announces ETH Holdings Reach 6.02 Million Tokens, and Total Crypto and Total Cash & Marketable Securities Holdings of $17.4 Billion",https://www.prnewswire.com/news-releases/bitmine-immersion-technologies-bmnr-announces-eth-holdings-reach-6-02-million-tokens-and-total-crypto-and-total-cash--marketable-securities-holdings-of-17-4-billion-302897949.html
2026-10-05 12:41:12,Business Wire,press,2026-10-05 12:30:00,Cantor Fitzgerald Asset Management Names Eric Johnston Head of Equities at O’Connor and Chief Market Strategist,http://www.businesswire.com/news/home/20261005039502/en/Cantor-Fitzgerald-Asset-Management-Names-Eric-Johnston-Head-of-Equities-at-O%E2%80%99Connor-and-Chief-Market-Strategist/?feedref=JjAwJuNHiystnCoBq_hl-bNgknBQakQ2FGsSkk8fjL_qqxld4PsaQmWyeqs626X7rCOi9QzgjCezTS3Nw_X6kJUrpSBm-Hav1w-UkdSlG3n46p_M3nSl_djQWeS2hVlELkaZDLiczsahzEklD3R10Q==
2026-10-05 13:00:58,PR Newswire crypto,press,2026-10-05 12:50:00,"GenesisL1 Launches GL1F Crypto, a Decentralized On-Chain Machine Learning Studio for Cryptocurrency Market Analysis and Education",https://www.prnewswire.com/news-releases/genesisl1-launches-gl1f-crypto-a-decentralized-on-chain-machine-learning-studio-for-cryptocurrency-market-analysis-and-education-302898405.html
2026-10-05 21:32:31,PR Newswire,press,2026-10-05 21:21:00,Rain Files Application With the OCC to Establish Rain National Trust Bank,https://www.prnewswire.com/news-releases/rain-files-application-with-the-occ-to-establish-rain-national-trust-bank-302898950.html
2026-10-05 22:20:23,Business Wire,press,2026-10-05 22:10:00,"Fortitude Secures Priority Supply Allocation for BITMAIN’s Next-Generation Zcash Mining Equipment, Announces $100 Million Non-Binding Purchase Commitment, and Additional Upsizing of DCG Credit Facilit",http://www.businesswire.com/news/home/20261005712271/en/Fortitude-Secures-Priority-Supply-Allocation-for-BITMAIN%E2%80%99s-Next-Generation-Zcash-Mining-Equipment-Announces-100-Million-Non-Binding-Purchase-Commitment-and-Additional-Upsizing-of-DCG-Credit-Facility-and-Available-ZEC-Funding-from-DCG/?feedref=JjAwJuNHiystnCoBq_hl-bNgknBQakQ2FGsSkk8fjL_qqxld4PsaQmWyeqs626X7rCOi9QzgjCezTS3Nw_X6kJUrpSBm-Hav1w-UkdSlG3n46p_M3nSl_djQWeS2hVlELkaZDLiczsahzEklD3R10Q==
2026-10-05 23:46:57,PR Newswire crypto,press,2026-10-05 23:32:00,"Bitmine Immersion Technologies anuncia que sus tenencias de ETH llegan a 6,02 millones de tokens",https://www.prnewswire.com/news-releases/bitmine-immersion-technologies-anuncia-que-sus-tenencias-de-eth-llegan-a-6-02-millones-de-tokens-302899057.html
2026-10-06 02:14:30,PR Newswire,press,2026-10-06 02:00:00,Caladan Receives In-Principle Approval from VARA,https://www.prnewswire.com/news-releases/caladan-receives-in-principle-approval-from-vara-302899140.html
2026-10-06 03:13:40,GlobeNewswire blockchain,press,2026-10-06 03:00:00,Global Capital Meets Frontier Technology at Digital Assets & Tokenization Summit in Singapore,https://www.globenewswire.com/news-release/2026/10/06/3375104/0/en/global-capital-meets-frontier-technology-at-digital-assets-tokenization-summit-in-singapore.html
2026-10-06 06:21:16,PR Newswire,press,2026-10-06 06:15:00,"MTCM lance Talea DRN : un titre du marché privé, deux volets, destiné aux arrangeurs et aux investisseurs, avec Bank Frick en tant que partenaire pour les actifs numériques et agent payeur",https://www.prnewswire.com/news-releases/mtcm-lance-talea-drn--un-titre-du-marche-prive-deux-volets-destine-aux-arrangeurs-et-aux-investisseurs-avec-bank-frick-en-tant-que-partenaire-pour-les-actifs-numeriques-et-agent-payeur-302897326.html
2026-10-06 06:21:16,PR Newswire,press,2026-10-06 06:15:00,"MTCM lanza Talea DRN, bono de mercados privados que une lo tradicional y lo digital, con Bank Frick como socio",https://www.prnewswire.com/news-releases/mtcm-lanza-talea-drn-bono-de-mercados-privados-que-une-lo-tradicional-y-lo-digital-con-bank-frick-como-socio-302897149.html
2026-10-06 06:21:16,PR Newswire,press,2026-10-06 06:15:00,"MTCM bringt Talea DRN auf den Markt: Eine Private-Market-Note, zwei Rails - für Arrangeure und Investoren, mit der Bank Frick als Partner für digitale Vermögenswerte und Zahlstelle",https://www.prnewswire.com/news-releases/mtcm-bringt-talea-drn-auf-den-markt-eine-private-market-note-zwei-rails--fur-arrangeure-und-investoren-mit-der-bank-frick-als-partner-fur-digitale-vermogenswerte-und-zahlstelle-302897058.html
2026-10-06 07:21:19,PR Newswire,press,2026-10-06 07:07:00,"Bitmine Immersion Technologies (BMNR) gibt bekannt, dass der ETH-Bestand 6,02 Millionen Token erreicht hat und sich der Gesamtwert der Krypto-Bestände sowie der Barmittel und marktgängigen Wertpapiere",https://www.prnewswire.com/news-releases/bitmine-immersion-technologies-bmnr-gibt-bekannt-dass-der-eth-bestand-6-02-millionen-token-erreicht-hat-und-sich-der-gesamtwert-der-krypto-bestande-sowie-der-barmittel-und-marktgangigen-wertpapiere-auf-17-4-milliarden-us-dollar-302899494.html
2026-10-06 07:21:19,Business Wire,press,2026-10-06 07:00:00,Spiko Raises $90M Series B Led by NEA to Make Yield Universal,http://www.businesswire.com/news/home/20261006901425/en/Spiko-Raises-90M-Series-B-Led-by-NEA-to-Make-Yield-Universal/?feedref=JjAwJuNHiystnCoBq_hl-bNgknBQakQ2FGsSkk8fjL_qqxld4PsaQmWyeqs626X7rCOi9QzgjCezTS3Nw_X6kJUrpSBm-Hav1w-UkdSlG3n46p_M3nSl_djQWeS2hVlELkaZDLiczsahzEklD3R10Q==
2026-10-06 08:21:14,Business Wire,press,2026-10-06 08:00:00,"BitGo and HashKey Sign Multi-Pillar Strategic Partnership Spanning Staking, Trading, Custody and RWA Tokenization",http://www.businesswire.com/news/home/20261006536177/en/BitGo-and-HashKey-Sign-Multi-Pillar-Strategic-Partnership-Spanning-Staking-Trading-Custody-and-RWA-Tokenization/?feedref=JjAwJuNHiystnCoBq_hl-bNgknBQakQ2FGsSkk8fjL_qqxld4PsaQmWyeqs626X7rCOi9QzgjCezTS3Nw_X6kJUrpSBm-Hav1w-UkdSlG3n46p_M3nSl_djQWeS2hVlELkaZDLiczsahzEklD3R10Q==
2026-10-06 09:20:38,PR Newswire blockchain,press,2026-10-06 09:20:00,ChainIT Presents Agentic Web3 Complete Commerce Architecture During TOKEN2049 Week in Singapore,https://www.prnewswire.com/news-releases/chainit-presents-agentic-web3-complete-commerce-architecture-during-token2049-week-in-singapore-302899457.html
2026-10-06 09:20:38,Business Wire,press,2026-10-06 09:00:00,"Bron Launches FaceScan, Powered by iProov: Enabling Bron Users to Recover Access to their Wallet with a Single Face Scan",http://www.businesswire.com/news/home/20261006737144/en/Bron-Launches-FaceScan-Powered-by-iProov-Enabling-Bron-Users-to-Recover-Access-to-their-Wallet-with-a-Single-Face-Scan/?feedref=JjAwJuNHiystnCoBq_hl-bNgknBQakQ2FGsSkk8fjL_qqxld4PsaQmWyeqs626X7rCOi9QzgjCezTS3Nw_X6kJUrpSBm-Hav1w-UkdSlG3n46p_M3nSl_djQWeS2hVlELkaZDLiczsahzEklD3R10Q==
2026-10-06 10:50:54,GlobeNewswire,press,2026-10-06 10:45:00,Bullish releases September 2026 monthly metrics,https://www.globenewswire.com/news-release/2026/10/06/3375296/0/en/bullish-releases-september-2026-monthly-metrics.html
2026-10-06 10:50:54,GlobeNewswire,press,2026-10-06 10:34:00,Virtune AB (Publ) Launches Virtune Zcash ETP on Nasdaq Stockholm,https://www.globenewswire.com/news-release/2026/10/06/3375291/0/en/virtune-ab-publ-launches-virtune-zcash-etp-on-nasdaq-stockholm.html
2026-10-06 11:21:15,Business Wire,press,2026-10-06 11:15:00,Quantum XChange Joins the Cisco Networking App Marketplace as a Cisco Technology Partner,http://www.businesswire.com/news/home/20261006962138/en/Quantum-XChange-Joins-the-Cisco-Networking-App-Marketplace-as-a-Cisco-Technology-Partner/?feedref=JjAwJuNHiystnCoBq_hl-bNgknBQakQ2FGsSkk8fjL_qqxld4PsaQmWyeqs626X7rCOi9QzgjCezTS3Nw_X6kJUrpSBm-Hav1w-UkdSlG3n46p_M3nSl_djQWeS2hVlELkaZDLiczsahzEklD3R10Q==
2026-10-06 11:41:09,PR Newswire,press,2026-10-06 11:30:00,Mesh Recognized on Fast Company's Next Big Things in Tech List,https://www.prnewswire.com/news-releases/mesh-recognized-on-fast-companys-next-big-things-in-tech-list-302899365.html
2026-10-06 12:21:24,PR Newswire crypto,press,2026-10-06 12:15:00,"MTCM Launches Talea DRN: One Private-Market-Note, Two Rails, for Arrangers and Investors, with Bank Frick as Digital-Asset-Partner and Paying-Agent",https://www.prnewswire.com/news-releases/mtcm-launches-talea-drn-one-private-market-note-two-rails-for-arrangers-and-investors-with-bank-frick-as-digital-asset-partner-and-paying-agent-302896419.html
2026-10-06 12:21:24,Business Wire,press,2026-10-06 12:00:00,Aptatek Biosciences Advances PheCheck™ Clinical Validation with Patient Enrollment Underway,http://www.businesswire.com/news/home/20261006579797/en/Aptatek-Biosciences-Advances-PheCheck%E2%84%A2-Clinical-Validation-with-Patient-Enrollment-Underway/?feedref=JjAwJuNHiystnCoBq_hl-bNgknBQakQ2FGsSkk8fjL_qqxld4PsaQmWyeqs626X7rCOi9QzgjCezTS3Nw_X6kJUrpSBm-Hav1w-UkdSlG3n46p_M3nSl_djQWeS2hVlELkaZDLiczsahzEklD3R10Q==
2026-10-06 12:21:24,Business Wire,press,2026-10-06 11:55:00,Datavault AI Appoints Christopher R. Hardt as Independent Director Following NYIAX Acquisition,http://www.businesswire.com/news/home/20261006930146/en/Datavault-AI-Appoints-Christopher-R.-Hardt-as-Independent-Director-Following-NYIAX-Acquisition/?feedref=JjAwJuNHiystnCoBq_hl-bNgknBQakQ2FGsSkk8fjL_qqxld4PsaQmWyeqs626X7rCOi9QzgjCezTS3Nw_X6kJUrpSBm-Hav1w-UkdSlG3n46p_M3nSl_djQWeS2hVlELkaZDLiczsahzEklD3R10Q==
2026-10-06 12:41:19,PR Newswire,press,2026-10-06 12:40:00,"past.dev Introduces Frontier Memory for AI Agents: #1 on BEAM, the Largest Public Memory Benchmark",https://www.prnewswire.com/news-releases/pastdev-introduces-frontier-memory-for-ai-agents-1-on-beam-the-largest-public-memory-benchmark-302899770.html
2026-10-06 12:41:19,Business Wire,press,2026-10-06 12:30:00,MarketVector Indexes™ Expands Global Equity Benchmarking with Four-Pillar Investable Index Framework,http://www.businesswire.com/news/home/20261006189904/en/MarketVector-Indexes%E2%84%A2-Expands-Global-Equity-Benchmarking-with-Four-Pillar-Investable-Index-Framework/?feedref=JjAwJuNHiystnCoBq_hl-bNgknBQakQ2FGsSkk8fjL_qqxld4PsaQmWyeqs626X7rCOi9QzgjCezTS3Nw_X6kJUrpSBm-Hav1w-UkdSlG3n46p_M3nSl_djQWeS2hVlELkaZDLiczsahzEklD3R10Q==
2026-10-06 13:01:27,PR Newswire blockchain,press,2026-10-06 13:00:00,Securitize and LG CNS Partner to Advance Tokenized Assets in South Korea,https://www.prnewswire.com/news-releases/securitize-and-lg-cns-partner-to-advance-tokenized-assets-in-south-korea-302899254.html
